"Post ID",Permalink,"Post Message",Type,Countries,Languages,Posted,"Audience Targeting","Lifetime Post Total Reach","Lifetime Post organic reach","Lifetime Post Paid Reach","Lifetime Post Total Impressions","Lifetime Post Organic Impressions","Lifetime Post Paid Impressions","Lifetime Engaged Users","Lifetime Talking About This (Post) by action type - comment","Lifetime Talking About This (Post) by action type - like","Lifetime Talking About This (Post) by action type - other","Lifetime Talking About This (Post) by action type - share","Lifetime Post Stories by action type - comment","Lifetime Post Stories by action type - like","Lifetime Post Stories by action type - other","Lifetime Post Stories by action type - share","Lifetime Post Consumers","Lifetime Post Consumptions","Lifetime Post consumers by type - link clicks","Lifetime Post consumers by type - other clicks","Lifetime Post consumers by type - photo view","Lifetime Post consumers by type - video play","Lifetime Post Consumptions by type - link clicks","Lifetime Post Consumptions by type - other clicks","Lifetime Post Consumptions by type - photo view","Lifetime Post Consumptions by type - video play","Lifetime Negative feedback","Lifetime Negative Feedback from Users","Lifetime Negative feedback - hide_all_clicks","Lifetime Negative feedback - hide_clicks","Lifetime Negative Feedback from Users by Type - hide_all_clicks","Lifetime Negative Feedback from Users by Type - hide_clicks","Lifetime Post Impressions by people who have liked your Page","Lifetime Post reach by people who like your Page","Lifetime Post Paid Impressions by people who have liked your Page","Lifetime Paid reach of a post by people who like your Page","Lifetime People who have liked your Page and engaged with your post","Lifetime Average time video viewed","Lifetime Organic views to 95%","Lifetime Organic views to 95%","Lifetime Paid views to 95%","Lifetime Paid views to 95%","Lifetime Video length","Lifetime Percentage of viewers at each interval (video post) - 0","Lifetime Percentage of viewers at each interval (video post) - 1","Lifetime Percentage of viewers at each interval (video post) - 2","Lifetime Percentage of viewers at each interval (video post) - 3","Lifetime Percentage of viewers at each interval (video post) - 4","Lifetime Percentage of viewers at each interval (video post) - 5","Lifetime Percentage of viewers at each interval (video post) - 6","Lifetime Percentage of viewers at each interval (video post) - 7","Lifetime Percentage of viewers at each interval (video post) - 8","Lifetime Percentage of viewers at each interval (video post) - 9","Lifetime Percentage of viewers at each interval (video post) - 10","Lifetime Percentage of viewers at each interval (video post) - 11","Lifetime Percentage of viewers at each interval (video post) - 12","Lifetime Percentage of viewers at each interval (video post) - 13","Lifetime Percentage of viewers at each interval (video post) - 14","Lifetime Percentage of viewers at each interval (video post) - 15","Lifetime Percentage of viewers at each interval (video post) - 16","Lifetime Percentage of viewers at each interval (video post) - 17","Lifetime Percentage of viewers at each interval (video post) - 18","Lifetime Percentage of viewers at each interval (video post) - 19","Lifetime Percentage of viewers at each interval (video post) - 20","Lifetime Percentage of viewers at each interval (video post) - 21","Lifetime Percentage of viewers at each interval (video post) - 22","Lifetime Percentage of viewers at each interval (video post) - 23","Lifetime Percentage of viewers at each interval (video post) - 24","Lifetime Percentage of viewers at each interval (video post) - 25","Lifetime Percentage of viewers at each interval (video post) - 26","Lifetime Percentage of viewers at each interval (video post) - 27","Lifetime Percentage of viewers at each interval (video post) - 28","Lifetime Percentage of viewers at each interval (video post) - 29","Lifetime Percentage of viewers at each interval (video post) - 30","Lifetime Percentage of viewers at each interval (video post) - 31","Lifetime Percentage of viewers at each interval (video post) - 32","Lifetime Percentage of viewers at each interval (video post) - 33","Lifetime Percentage of viewers at each interval (video post) - 34","Lifetime Percentage of viewers at each interval (video post) - 35","Lifetime Percentage of viewers at each interval (video post) - 36","Lifetime Percentage of viewers at each interval (video post) - 37","Lifetime Percentage of viewers at each interval (video post) - 38","Lifetime Percentage of viewers at each interval (video post) - 39","Lifetime Percentage of viewers at each interval (video post) - 40","Lifetime Organic Video Views","Lifetime Organic Video Views","Lifetime Paid Video Views","Lifetime Paid Video Views"
,,,,,,,,"Lifetime: The total number of people your Page post was served to. (Unique Users)","Lifetime: The number of people who saw your Page post in news feed or ticker, or on your Page's timeline. (Unique Users)","Lifetime: The number of people your advertised Page post was served to. (Unique Users)","Lifetime: The number of impressions of your Page post. (Total Count)","Lifetime: The number of impressions of your post in News Feed or ticker or on your Page's Timeline. (Total Count)","Lifetime: The number of impressions of your Page post in an Ad or Sponsored Story. (Total Count)","Lifetime: The number of people who clicked anywhere in your posts. (Unique Users)","Lifetime: The number of unique people who created a story about your Page post by interacting with it. (Unique Users)",,,,"Lifetime: The number of stories created about your Page post, by action type. (Total Count)",,,,"Lifetime: The number of people who clicked anywhere in your post. (Unique Users)","Lifetime: The number of clicks anywhere in your post. (Total Count)","Lifetime: The number of people who clicked anywhere in your post, by type. (Unique Users)",,,,"Lifetime: The number of clicks anywhere in your post, by type. (Total Count)",,,,"Lifetime: The number of people who have given negative feedback to your post. (Unique Users)","Lifetime: The number of times people have given negative feedback to your post. (Total Count)","Lifetime: The number of people who have given negative feedback to your post, by type. (Unique Users)",,"Lifetime: The number of times people have given negative feedback to your post, by type. (Total Count)",,"Lifetime: The number of impressions of your Page post to people who have liked your Page. (Total Count)","Lifetime: The number of people who saw your Page post because they've liked your Page (Unique Users)","Lifetime: The number of paid impressions of your Page post to people who have liked your Page. (Total Count)","Lifetime: The number of people who like your Page and who saw your Page post in an ad or sponsored story. (Unique Users)","Lifetime: The number of people who have liked your Page and clicked anywhere in your posts. (Unique Users)","Lifetime: Average time video viewed (Total Count)","Lifetime: Number of times your video was viewed to 95% of its length without any paid promotion. (Total Count)","Lifetime: Number of times your video was viewed to 95% of its length without any paid promotion. (Unique Users)","Lifetime: Number of times your video was viewed to 95% of its length after paid promotion. (Total Count)","Lifetime: Number of times your video was viewed to 95% of its length after paid promotion. (Unique Users)","Lifetime: Length of a video post (Total Count)","Lifetime: Views of your video at each moment as a percentage of all views, including views shorter than 3 seconds. (video post) (Total Count)",,,,,,,,,,,,,,,,,,,,,,,,,,,,,,,,,,,,,,,,,"Lifetime: Number of times your video was viewed for more than 3 seconds without any paid promotion. (Total Count)","Lifetime: Number of times your video was viewed for more than 3 seconds without any paid promotion. (Unique Users)","Lifetime: Number of times your video was viewed more than 3 seconds after paid promotion. (Total Count)","Lifetime: Number of times your video was viewed more than 3 seconds after paid promotion. (Unique Users)"
518995791497187_1110323039031123,https://www.facebook.com/VisualizationStudio/posts/1110323039031123,"Our Information Visualization students participated and won the Stockholm Digital Care competition in the Green Hackathon. Congratulations!!!",Photo,,,"02/14/2016 12:40:16 AM"," ",301,301,0,537,537,0,27,,10,,,,10,,,17,32,6,15,1,,7,24,1,,0,0,,,,,441,228,0,0,22,0,0,0,0,0,0,,,,,,,,,,,,,,,,,,,,,,,,,,,,,,,,,,,,,,,,,,0,0,0,0
518995791497187_1107861962610564,https://www.facebook.com/VisualizationStudio/videos/1107861962610564/,"We visit Speakasso, our 2015 information visualization student project and C Awards winner for Public Magnet. Speakasso aesthetically visualizes speech patterns.
For more information: http://www.csc.kth.se/~acvds/info_vis/speakasso/",Video,,,"02/10/2016 12:56:03 AM"," ",1115,1115,0,4882,4882,0,89,2,34,,7,3,43,,14,65,111,9,42,2,24,9,76,2,24,0,0,,,,,4249,800,0,0,50,30674,41,39,0,0,126454,0.9757,1,0.6733,0.5166,0.4238,0.3731,0.3223,0.3113,0.2936,0.2737,0.2715,0.2627,0.2472,0.245,0.2318,0.2185,0.2009,0.2031,0.1965,0.1876,0.1766,0.1722,0.1656,0.1611,0.1589,0.1435,0.1457,0.1435,0.1391,0.1258,0.1236,0.117,0.1214,0.1104,0.0949,0.106,0.0993,0.1038,0.0905,0.0861,0.0132,485,384,0,0
518995791497187_1104524059611021,https://www.facebook.com/VisualizationStudio/posts/1104524059611021,"We are remembering our student project Skylike, a visualization of your social reading networks as constellations in the night sky.
More info: http://www.skylike.me/",Link,,,"02/04/2016 07:00:58 AM"," ",781,781,0,1589,1589,0,43,1,17,,1,1,20,,2,29,38,12,21,,,12,26,,,0,0,,,,,1012,424,0,0,37,0,0,0,0,0,0,,,,,,,,,,,,,,,,,,,,,,,,,,,,,,,,,,,,,,,,,,0,0,0,0
518995791497187_1102809409782486,https://www.facebook.com/VisualizationStudio/videos/1102809409782486/,"Mockstar is a gesture-based interactive crowd simulator to train the rockstars of tomorrow! It is a project in the Multimodal Interaction course at KTH Royal Institute of Technology by Victor Larsson, Louise Wikstén, Joel Ekman and Petriina Piuhola.",Video,,,"02/01/2016 02:39:45 AM"," ",1193,1193,0,12056,12056,0,108,6,41,,3,8,46,,3,88,169,,80,6,29,,133,6,30,0,0,,,,,11217,763,0,0,56,40484,49,46,0,0,124606,0.9366,1,0.73,0.5785,0.5069,0.4876,0.4711,0.4545,0.3939,0.3829,0.3802,0.3691,0.3664,0.3554,0.3526,0.3388,0.3278,0.3113,0.2948,0.2837,0.2617,0.2534,0.2534,0.2452,0.2369,0.2231,0.2066,0.2121,0.1928,0.1736,0.1763,0.1763,0.1543,0.1433,0.1433,0.1433,0.1322,0.1295,0.135,0.1295,0.022,380,287,0,0
518995791497187_1101204176609676,https://www.facebook.com/VisualizationStudio/videos/1101204176609676/,"We are visiting our C Awards 2014 winner explr.fm, a map visualizing your playlist's countries of origin. Have a great weekend!
More info and live application: http://explr.fm/",Video,,,"01/29/2016 04:59:47 AM"," ",900,900,0,10988,10988,0,42,1,13,,1,1,15,,2,34,74,5,22,4,12,9,41,10,14,0,0,,,,,10636,703,0,0,33,28053,13,13,0,0,191187,1,0.7911,0.5411,0.3938,0.2877,0.2363,0.1815,0.1507,0.137,0.1199,0.1164,0.113,0.1164,0.1164,0.1062,0.113,0.1062,0.1062,0.1096,0.0993,0.0959,0.0856,0.0788,0.0753,0.0685,0.0685,0.0753,0.0651,0.0548,0.0616,0.0616,0.0651,0.0685,0.0616,0.0651,0.0582,0.0445,0.0445,0.0445,0.0342,0.0137,309,199,0,0
518995791497187_1100552563341504,https://www.facebook.com/VisualizationStudio/posts/1100552563341504:0,"Professor Mattias Höjer inviting our Information Visualization students to participate in the Green Hackathon in Stockholm between February 12 and 13. We are looking forward to great projects!",Photo,,,"01/28/2016 02:39:28 AM"," ",1234,1234,0,15028,15028,0,82,2,15,,1,3,18,,2,75,191,,44,56,,,64,127,,0,0,,,,,14278,763,0,0,63,0,,,,,0,,,,,,,,,,,,,,,,,,,,,,,,,,,,,,,,,,,,,,,,,,,,,
518995791497187_1099456103451150,https://www.facebook.com/VisualizationStudio/posts/1099456103451150,"We are very proud to announce that KTH's first MOOC was partially filmed and supported by the Visualization Studio VIC!! The Massive Open Online Course on Human Space Flight starts on April 18. Sing up! We already have.",Link,,,"01/26/2016 08:10:40 AM"," ",1131,1131,0,2199,2199,0,50,2,17,,3,2,27,,3,39,63,17,29,,,17,46,,,0,0,,,,,901,359,0,0,35,0,0,0,0,0,0,,,,,,,,,,,,,,,,,,,,,,,,,,,,,,,,,,,,,,,,,,0,0,0,0
518995791497187_1097744893622271,https://www.facebook.com/VisualizationStudio/posts/1097744893622271:0,"Our alumnus Xiaopeng Li featured in KTH's Innovation Immersion Program! 
http://www.kth.se/blogs/iip/2016/01/meet-xiaopeng-li/",Photo,,,"01/23/2016 12:28:06 AM"," ",776,776,0,8590,8590,0,23,,3,,1,,5,,1,21,39,5,1,15,,5,1,33,,0,0,,,,,8410,653,0,0,16,0,,,,,0,,,,,,,,,,,,,,,,,,,,,,,,,,,,,,,,,,,,,,,,,,,,,
518995791497187_1097394566990637,https://www.facebook.com/VisualizationStudio/posts/1097394566990637:0,"Erik showing Tidebanan today to our guests from IQ Samhällsbyggnad.",Photo,,,"01/22/2016 06:44:17 AM"," ",809,809,0,8627,8627,0,47,,4,,,,4,,,42,102,,23,40,,,28,74,,0,0,,,,,8417,681,0,0,40,0,,,,,0,,,,,,,,,,,,,,,,,,,,,,,,,,,,,,,,,,,,,,,,,,,,,
518995791497187_1097271133669647,https://www.facebook.com/VisualizationStudio/posts/1097271133669647,Sweden...,SharedVideo,,,"01/22/2016 01:04:08 AM"," ",206,206,0,473,473,0,10,,4,,,,4,,,7,11,,7,,,,11,,,0,0,,,,,384,139,0,0,9,14304,14,14,0,0,23017,0.9821,1,1,1,0.9464,0.8214,0.6964,0.6607,0.5893,0.5714,0.5536,0.5179,0.4821,0.4821,0.4821,0.4464,0.4464,0.4107,0.375,0.3393,0.3214,0.3393,0.3214,0.25,0.1786,,,,,,,,,,,,,,,,,58,50,0,0
518995791497187_1096774877052606,https://www.facebook.com/VisualizationStudio/posts/1096774877052606,"Interesting article on the near future of VR through the eyes of our KTH alumnus Tommy Palm of Candy Crush Saga and Resolution Games fame. https://www.kthmagazine.se/artiklar/framtidens-vr-tar-plats",Link,,,"01/21/2016 08:00:01 AM"," ",511,511,0,1036,1036,0,21,,6,,,,6,,,17,23,15,3,,,15,8,,,0,0,,,,,869,374,0,0,18,0,0,0,0,0,0,,,,,,,,,,,,,,,,,,,,,,,,,,,,,,,,,,,,,,,,,,0,0,0,0
518995791497187_1096741163722644,https://www.facebook.com/VisualizationStudio/posts/1096741163722644,"The students in Information Visualization recorded Mario's introductory lecture. It shows how we use different technologies for giving talks where students can interact in different ways, including live group editing of a google slide answering questions about the content of the lecture (minute 48:00). Enjoy! 
For more information, visit: https://www.kth.se/social/course/DH2321/",Link,,,"01/21/2016 01:13:38 AM"," ",782,782,0,1600,1600,0,57,,12,,,,12,,,50,58,23,28,,,27,31,,,0,0,,,,,1191,512,0,0,52,0,0,0,0,0,0,,,,,,,,,,,,,,,,,,,,,,,,,,,,,,,,,,,,,,,,,,0,0,0,0
518995791497187_1095764167153677,https://www.facebook.com/VisualizationStudio/posts/1095764167153677:0,"The Information Visualization 2016 course is starting now! Welcome new students.",Photo,,,"01/19/2016 03:58:19 AM"," ",834,834,0,6787,6787,0,65,,16,,1,,19,,2,55,117,,12,52,,,16,101,,0,0,,,,,6360,613,0,0,48,0,,,,,0,,,,,,,,,,,,,,,,,,,,,,,,,,,,,,,,,,,,,,,,,,,,,
518995791497187_1095655433831217,https://www.facebook.com/VisualizationStudio/posts/1095655433831217,"KTH @86 and #1 in Sweden!",Link,,,"01/19/2016 12:23:49 AM"," ",734,734,0,1573,1573,0,37,,7,,,,7,,,34,36,30,4,,,32,4,,,0,0,,,,,1264,524,0,0,35,0,0,0,0,0,0,,,,,,,,,,,,,,,,,,,,,,,,,,,,,,,,,,,,,,,,,,0,0,0,0
518995791497187_1092508704145890,https://www.facebook.com/VisualizationStudio/posts/1092508704145890,"PhD student Tina Zhu presenting her research to the KTH president.",Photo,,,"01/13/2016 03:26:36 AM"," ",967,967,0,1783,1783,0,57,,8,,,,8,,,51,66,,43,9,,,56,10,,0,0,,,,,1112,479,0,0,50,0,0,0,0,0,0,,,,,,,,,,,,,,,,,,,,,,,,,,,,,,,,,,,,,,,,,,0,0,0,0
518995791497187_1092009084195852,https://www.facebook.com/VisualizationStudio/posts/1092009084195852:0,"Rektors visit 2016",Photo,,,"01/12/2016 05:27:47 AM"," ",44,44,0,48,48,0,57,,,,,,,,,57,72,,,57,,,,72,,0,0,,,,,48,44,0,0,47,0,,,,,0,,,,,,,,,,,,,,,,,,,,,,,,,,,,,,,,,,,,,,,,,,,,,
518995791497187_1092009150862512,https://www.facebook.com/VisualizationStudio/posts/1092009150862512:0,"Rektors visit 2016",Photo,,,"01/12/2016 05:27:47 AM"," ",769,769,0,3254,3254,0,101,,,,,,,,,101,199,,61,84,,,89,110,,0,0,,,,,3139,704,0,0,91,0,,,,,0,,,,,,,,,,,,,,,,,,,,,,,,,,,,,,,,,,,,,,,,,,,,,
518995791497187_1092009060862521,https://www.facebook.com/VisualizationStudio/posts/1092009060862521:0,"Rektors visit 2016",Photo,,,"01/12/2016 05:27:46 AM"," ",7,7,0,7,7,0,60,,,,,,,,,60,74,,,60,,,,74,,0,0,,,,,7,7,0,0,49,0,,,,,0,,,,,,,,,,,,,,,,,,,,,,,,,,,,,,,,,,,,,,,,,,,,,
518995791497187_1092009024195858,https://www.facebook.com/VisualizationStudio/posts/1092009024195858:0,"Rektors visit 2016",Photo,,,"01/12/2016 05:27:46 AM"," ",1,1,0,1,1,0,60,,,,,,,,,60,84,,1,60,,,1,83,,0,0,,,,,1,1,0,0,51,0,,,,,0,,,,,,,,,,,,,,,,,,,,,,,,,,,,,,,,,,,,,,,,,,,,,
518995791497187_1092009070862520,https://www.facebook.com/VisualizationStudio/posts/1092009070862520:0,"Rektors visit 2016",Photo,,,"01/12/2016 05:27:46 AM"," ",20,20,0,23,23,0,58,,,,,,,,,58,68,,,58,,,,68,,0,0,,,,,23,20,0,0,48,0,,,,,0,,,,,,,,,,,,,,,,,,,,,,,,,,,,,,,,,,,,,,,,,,,,,
518995791497187_1092009017529192,https://www.facebook.com/VisualizationStudio/posts/1092009017529192:0,"Rektors visit 2016",Photo,,,"01/12/2016 05:27:46 AM"," ",1,1,0,1,1,0,62,,,,,,,,,62,92,,1,62,,,1,91,,0,0,,,,,1,1,0,0,51,0,,,,,0,,,,,,,,,,,,,,,,,,,,,,,,,,,,,,,,,,,,,,,,,,,,,
518995791497187_1092008980862529,https://www.facebook.com/VisualizationStudio/posts/1092008980862529:0,"Rektors visit 2016",Photo,,,"01/12/2016 05:27:46 AM"," ",1,1,0,1,1,0,58,,,,,,,,,58,92,,1,58,,,1,91,,0,0,,,,,1,1,0,0,49,0,,,,,0,,,,,,,,,,,,,,,,,,,,,,,,,,,,,,,,,,,,,,,,,,,,,
518995791497187_1092008934195867,https://www.facebook.com/VisualizationStudio/posts/1092008934195867:0,"Rektors visit 2016",Photo,,,"01/12/2016 05:27:46 AM"," ",1,1,0,1,1,0,59,,,,,,,,,59,115,,1,59,,,1,114,,0,0,,,,,1,1,0,0,49,0,,,,,0,,,,,,,,,,,,,,,,,,,,,,,,,,,,,,,,,,,,,,,,,,,,,
518995791497187_1092008924195868,https://www.facebook.com/VisualizationStudio/posts/1092008924195868:0,"Rektors visit 2016",Photo,,,"01/12/2016 05:27:45 AM"," ",1,1,0,1,1,0,60,,,,,,,,,60,157,,1,60,,,1,156,,0,0,,,,,1,1,0,0,52,0,,,,,0,,,,,,,,,,,,,,,,,,,,,,,,,,,,,,,,,,,,,,,,,,,,,
518995791497187_1091983827531711,https://www.facebook.com/VisualizationStudio/posts/1091983827531711:0,"We are proud to host the visit of KTH Royal Institute of Technology Rektor's visit to the School of Computer Science and Communication.",Photo,,,"01/12/2016 04:22:58 AM"," ",615,615,0,2775,2775,0,18,,2,,,,2,,,16,30,,4,15,,,5,25,,0,0,,,,,2666,553,0,0,11,0,,,,,0,,,,,,,,,,,,,,,,,,,,,,,,,,,,,,,,,,,,,,,,,,,,,
518995791497187_1091922667537827,http://www.facebook.com/media/set/?set=ms.c.eJxFzsENwDAIQ9GNKiBOMPsvlrZWyPUJPriVV8QqY7pPPn4g50gGGiiYB9IRBrAahiAvKIoLatgB2j%7E_BXnkPfo3sPwjBakitdKPUGN0oPbZqAznJLHE%7E-.bps.a.1091922667537827.1073741881.518995791497187&amp;type=1,"C Awards 2016, here comes KTH's Visualization Studio VIC. See you on April 14!",Photo,,,"01/12/2016 01:38:59 AM"," ",811,811,0,3298,3298,0,119,,23,,,,23,,,104,777,,53,90,,,95,682,,0,0,,,,,3174,733,0,0,107,0,,,,,0,,,,,,,,,,,,,,,,,,,,,,,,,,,,,,,,,,,,,,,,,,,,,
518995791497187_1089652017764892,https://www.facebook.com/VisualizationStudio/posts/1089652017764892,"We are so ready for this rollable OLED screen!",Link,,,"01/08/2016 03:58:47 AM"," ",335,335,0,725,725,0,14,,1,,,,1,,,13,18,7,7,,,8,10,,,0,0,,,,,646,279,0,0,14,0,0,0,0,0,0,,,,,,,,,,,,,,,,,,,,,,,,,,,,,,,,,,,,,,,,,,0,0,0,0
518995791497187_1089130664483694,https://www.facebook.com/VisualizationStudio/posts/1089130677817026,"Advanced Graphics and Interaction project Starshooter trains wheelchair pan and tilt control through a firing cannon game. Learn more at: http://starshooter.kspri.se/",Photo,,,"01/07/2016 03:15:04 AM"," ",0,0,0,0,0,0,19,,11,,,,11,,,11,21,,,11,,,,21,,0,0,,,,,0,0,0,0,11,0,,,,,0,,,,,,,,,,,,,,,,,,,,,,,,,,,,,,,,,,,,,,,,,,,,,
518995791497187_1087218324674928,https://www.facebook.com/VisualizationStudio/posts/1087218324674928,"A great start to 2016!",Link,,,"01/03/2016 03:37:07 PM"," ",443,443,0,987,987,0,16,,3,,,,3,,,14,15,,14,,,,15,,,0,0,,,,,885,357,0,0,15,0,0,0,0,0,0,,,,,,,,,,,,,,,,,,,,,,,,,,,,,,,,,,,,,,,,,,0,0,0,0
518995791497187_1085588604837900,https://www.facebook.com/VisualizationStudio/posts/1085588604837900,"Happy New Year! May 2016 be filled with happy and rewarding days.",Photo,,,"12/31/2015 12:25:04 PM"," ",1074,1074,0,2292,2292,0,57,,27,,,,27,,,33,43,,17,17,,,25,18,,0,0,,,,,1708,642,0,0,46,0,0,0,0,0,0,,,,,,,,,,,,,,,,,,,,,,,,,,,,,,,,,,,,,,,,,,0,0,0,0
518995791497187_1084978491565578,https://www.facebook.com/VisualizationStudio/posts/1084978491565578,"It was a year of extraordinary visits and big developments at KTH. Take a look back at some of our university's highlights from 2015. http://bit.ly/1mQSVBu",Link,,,"12/30/2015 11:00:13 AM"," ",193,193,0,384,384,0,6,,,,,,,,,6,6,4,2,,,4,2,,,0,0,,,,,321,142,0,0,6,0,0,0,0,0,0,,,,,,,,,,,,,,,,,,,,,,,,,,,,,,,,,,,,,,,,,,0,0,0,0
518995791497187_1081067221956705,https://www.facebook.com/VisualizationStudio/posts/1081067221956705,"Happy holidays from all of us at KTH!",Photo,,,"12/24/2015 03:05:57 AM"," ",546,546,0,1052,1052,0,17,,13,,,,13,,,7,8,,6,1,,,7,1,,1,2,1,,2,,869,412,0,0,15,0,0,0,0,0,0,,,,,,,,,,,,,,,,,,,,,,,,,,,,,,,,,,,,,,,,,,0,0,0,0
518995791497187_1079401298789964,https://www.facebook.com/VisualizationStudio/posts/1079401375456623,"Enjoy the festivities in peace with your loved ones and have a great 2016! This is a view of the universe at its grandest scale. Every dot is a galactic-sized object or quasar. We are looking at the universe billions of years into the past and billions of light light years away. The dark bands are regions occluded by the plane of the Milky Way. The view is powered by Visualization Studio VIC and Uniview. For a video tour of the universe including this view, please visit: https://www.facebook.com/VisualizationStudio/videos/1079237302139697/",Photo,,,"12/21/2015 09:06:36 AM"," ",0,0,0,0,0,0,20,,8,,,,9,,,13,23,,,13,,,,23,,0,0,,,,,0,0,0,0,10,0,,,,,0,,,,,,,,,,,,,,,,,,,,,,,,,,,,,,,,,,,,,,,,,,,,,
518995791497187_1079237302139697,https://www.facebook.com/VisualizationStudio/videos/1079237302139697/,"YAAAAY! We hit 1000 likes just in time for the holidays. Enjoy this time in peace with your loved ones! We celebrate this milestone with a short tour of the universe guided by our Associate Profesor Mario Romero and powered by our 4K screen running Uniview. Thank you for a wonderful 2015! 

We thank Ronald Bernette for the production of this video.",Video,,,"12/21/2015 03:51:08 AM"," ",5131,5131,0,11124,11124,0,459,17,166,,19,24,242,,71,381,713,2,252,70,139,2,449,106,156,0,0,,,,,2562,499,0,0,159,62164,206,198,0,0,412051,1,0.5176,0.3438,0.2838,0.2525,0.2299,0.2025,0.1817,0.166,0.1565,0.1439,0.1356,0.1312,0.1221,0.1204,0.1165,0.1126,0.1117,0.1091,0.1069,0.1047,0.1047,0.1039,0.1034,0.1017,0.1026,0.103,0.1008,0.1004,0.0982,0.0982,0.0969,0.096,0.0943,0.0926,0.09,0.09,0.0874,0.0895,0.09,0.0317,2478,1900,0,0
518995791497187_1078273468902747,https://www.facebook.com/VisualizationStudio/posts/1078273468902747:0,"Björn highlighting exoplanets within 30 parsecs.",Photo,,,"12/19/2015 08:32:51 AM"," ",412,412,0,1218,1218,0,42,,17,,,,17,,,30,52,,8,25,,,12,40,,0,0,,,,,1026,268,0,0,28,0,,,,,0,,,,,,,,,,,,,,,,,,,,,,,,,,,,,,,,,,,,,,,,,,,,,
518995791497187_1076721659057928,https://www.facebook.com/VisualizationStudio/posts/1076721659057928:0,"Our students in co-operative IT-design and business development showcasing their projects to clients from COOP, KI/KS and DS. Very impressive results!",Photo,,,"12/16/2015 05:48:23 AM"," ",267,267,0,953,953,0,29,,4,,,,4,,,27,59,,6,27,,,11,48,,0,0,,,,,845,187,0,0,17,0,,,,,0,,,,,,,,,,,,,,,,,,,,,,,,,,,,,,,,,,,,,,,,,,,,,
518995791497187_1076392235757537,http://www.facebook.com/media/set/?set=ms.c.eJwzNDA3M7Y0MjKxNLA0sDCz1DOECZiaA6GxGUIADA2MAQPPCiM%7E-.bps.a.1076392235757537.1073741880.518995791497187&amp;type=1,"Master thesis work by Terese Nothnagel in embodied visualization.",Photo,,,"12/15/2015 12:03:08 PM"," ",319,319,0,1046,1046,0,50,2,9,,1,2,9,,1,40,249,,14,39,,,19,230,,0,0,,,,,936,236,0,0,33,0,,,,,0,,,,,,,,,,,,,,,,,,,,,,,,,,,,,,,,,,,,,,,,,,,,,
518995791497187_1076212122442215,http://www.facebook.com/media/set/?set=ms.c.eJxFjdsNwDAMAjeqAvEr%7E_y%7E%3BWNFaJ%7E_TvBGSOD2PFMd6sHP1gYVQWBSTMSdkFPUqDOJF1gdUOOfZ9j%7E_AWnMfWWcRwhKasbFGjpxAudOyVY.bps.a.1076212122442215.1073741879.518995791497187&amp;type=1,"We were honored with visits from KTH Executive School and our KTH Alumni Network.",Photo,,,"12/15/2015 04:06:06 AM"," ",321,321,0,1085,1085,0,48,,11,,1,,12,,1,37,308,,9,37,,,11,297,,0,0,,,,,976,238,0,0,33,0,,,,,0,,,,,,,,,,,,,,,,,,,,,,,,,,,,,,,,,,,,,,,,,,,,,
518995791497187_1074279442635483,https://www.facebook.com/VisualizationStudio/posts/1074279442635483:0,"From Alexandre Gordo, one of our Game Design Students: 
&quot;Sweden is full of amazing experiences. Working with these people on the Computer Game Design course was for sure one of the best ones. Very hardworking and creative guys that helped me designing my first complete videogame &quot;Aschizocats&quot; 󾌱 
É do vosso conhecimento as minhas extraordinárias skills de programador e portanto o jogo está a &quot;crashar&quot; no Android, mas assim que estiver pronto... bem... preparem-se ahah&quot;",Photo,,,"12/11/2015 06:50:14 AM"," ",650,650,0,1670,1670,0,64,1,10,,,1,10,,,59,127,,31,39,,,60,67,,0,0,,,,,1329,412,0,0,39,0,,,,,0,,,,,,,,,,,,,,,,,,,,,,,,,,,,,,,,,,,,,,,,,,,,,
518995791497187_1074204919309602,https://www.facebook.com/VisualizationStudio/posts/1074204919309602:0,"Our Computer Game Design students present their wonderful final projects! Videos and more information coming soon! For the course page, please visit: https://www.kth.se/social/course/DH2650/",Photo,,,"12/11/2015 04:24:58 AM"," ",245,245,0,903,903,0,35,,8,,,,8,,,29,59,,1,29,,,1,58,,0,0,,,,,777,160,0,0,17,0,,,,,0,,,,,,,,,,,,,,,,,,,,,,,,,,,,,,,,,,,,,,,,,,,,,
518995791497187_1073848162678611,https://www.facebook.com/VisualizationStudio/posts/1073848162678611,"It was an honor to host the 2015 Road2Science today! More info: https://www.road2science.se/events/6",Photo,,,"12/10/2015 08:52:23 AM"," ",159,159,0,496,496,0,9,,3,,,,3,,,6,9,,3,3,,,6,3,,0,0,,,,,381,76,0,0,8,0,,,,,0,,,,,,,,,,,,,,,,,,,,,,,,,,,,,,,,,,,,,,,,,,,,,
518995791497187_1073370699393024,https://www.facebook.com/VisualizationStudio/posts/1073370699393024:0,"Preparing for tomorrow's event with Road2Science. More Info: https://www.road2science.se/events/6",Photo,,,"12/09/2015 06:43:25 AM"," ",254,254,0,958,958,0,28,,7,,,,7,,,22,40,2,2,20,,3,3,34,,0,0,,,,,832,171,0,0,16,0,,,,,0,,,,,,,,,,,,,,,,,,,,,,,,,,,,,,,,,,,,,,,,,,,,,
518995791497187_1073247462738681,https://www.facebook.com/VisualizationStudio/posts/1073247462738681:0,"We could try to describe what it feels like to have the studio serve so many people in so many ways at once (lecture, design, programming, group projects, and demos) but a picture will say it better!",Photo,,,"12/09/2015 01:37:32 AM"," ",884,884,0,2119,2119,0,113,,24,,1,,25,,1,99,207,,54,87,,,81,126,,1,1,1,,1,,1403,470,0,0,83,0,,,,,0,,,,,,,,,,,,,,,,,,,,,,,,,,,,,,,,,,,,,,,,,,,,,
518995791497187_1075489195847841,http://www.facebook.com/media/set/?set=ms.c.eJxNlVmuZDEIQ3fUCpAw7H9jneB3TX2UVDoyZkpyZcXZtTJP7vDQf%7E%3BIHqiRlrQ2QpesBCSMQPbLP8lE8j9xrABRBcFphZ0CbehI4wIQkQvQDJlAMsJdlFyu1AzAKZDnMYgnAOrZ0FikCb48UguiQzW53ATDtzfo8FrPcMT6F0fSgDhuFI2Q80O1i6d6FRdHD0dy07wcK9uJoTgkCm1NuLrQ9pv2w9khOPWCaowiA8aj22OwlsRdhYYm9zIASI5wDU9kKrQGdZZq7pT6FrQFQ2HdOl%7E%3BY5LSHYrThOgImpjqJDsj4gGPIeoABJAA%7E%3BRAVAcgp76%7E%3Bf8B3Ib4bsMFyGLMohjQt%7E%3B0L0L4xiyFEJ6SgYLeGSpWV4qyvM8ABggAjVI7QkHYGtDHTwywb50PosZFlBnQWAE2PAND09AhtXpjT27%7E%3BlERTAmKLbxTq8u%7E%3BWiwjcAl%7E_0Ojwk5UHAvuB5LCQKVTvuBLJkDoKApboMnuw08nzkeeD6Fu81%7E_LW2z0sLEFj0KChsFSndWWmhutl9vt%7E_teCgIUxuvxFvBC9Ae0gtfjrrk92O29S1B8We5b2%7E_C7yA%7E_0qfwo2iOCIAG%7E_0kVRB7u9oE3ZrSjq4PZF0YsxBA%7E_9FuswRYiMAmARYIRctuwesibTbgUYRZ9151l%7E%3BD2WDCUFze0IKgIUdmMaPAoDNHUzMYgAU7AXXQ3k9BN8G%7E%3B74NJQ4PpYejsOnWUZiysOgvsvIxkOjd3t%7E_ADpH4D6cvpYI%7E-.bps.a.1075489195847841.1073741878.518995791497187&amp;type=1,"The Advanced Graphics and Interaction students hosted our Visualization Studio VIC's 2015 Open House. We had a large crowd enjoying a dozen projects with smiles and cheers. Thank you for participating and we'll see you next year! For more information, please visit: https://www.kth.se/social/course/DH2413/page/agi15-open-house/",Photo,,,"12/04/2015 03:00:00 AM"," ",443,443,0,1239,1239,0,117,,28,,3,,33,,4,94,4342,,22,92,,,31,4311,,0,0,,,,,1192,398,0,0,71,0,,,,,0,,,,,,,,,,,,,,,,,,,,,,,,,,,,,,,,,,,,,,,,,,,,,
518995791497187_1070729789657115,https://www.facebook.com/VisualizationStudio/videos/1070729789657115/,"World, we present to you our hot-off-the-press student project ColorSplat! It is an augmented virtuality game where a physical ball turns into a virtual blob of paint with which you aim at moving targets. Just one of our nine new projects which we will present at our Open House tomorrow at 15:00 - 19:00. Please join us! The event is free and open to all ages. https://www.facebook.com/events/658200147655412/",Video,,,"12/03/2015 11:54:38 AM"," ",2273,2273,0,5196,5196,0,292,8,72,,9,9,97,,21,254,451,,126,49,167,,207,64,180,1,1,,1,,1,1348,368,0,0,92,41939,264,227,0,0,108606,0.9762,1,0.7926,0.6951,0.6091,0.5684,0.52,0.4908,0.4616,0.4224,0.3971,0.3671,0.3548,0.3487,0.3349,0.3195,0.3134,0.3134,0.3134,0.3057,0.3041,0.2995,0.2949,0.2926,0.2926,0.2826,0.2711,0.2665,0.2619,0.2581,0.2442,0.245,0.2465,0.2458,0.2465,0.245,0.2404,0.235,0.2028,0.1759,0.0253,1357,1021,0,0
518995791497187_1070146273048800,https://www.facebook.com/VisualizationStudio/videos/1070146273048800/,"World, we present to you our brand new project Spinnulator! It is a spinning simulator with Kinect tracking of the biker's skeleton, just one of the nine new projects we will be showing at our Open House on Friday, 3-7PM! Join us! It is free and open to everyone of all ages.",Video,,,"12/02/2015 05:51:39 AM"," ",1510,1510,0,3382,3382,0,179,5,60,,6,5,81,,7,145,287,,60,52,101,,100,67,120,0,0,,,,,1124,335,0,0,60,25220,338,252,0,0,32691,0.9301,0.9971,0.9957,1,0.9558,0.913,0.8716,0.8388,0.8074,0.7917,0.7646,0.7475,0.7218,0.7076,0.7033,0.6847,0.6719,0.6519,0.6377,0.6362,0.6262,0.622,0.6049,0.5949,0.5649,0.5492,0.5392,0.5335,0.525,0.5221,0.5207,0.5121,0.5064,0.495,0.485,0.4779,0.0799,,,,,720,497,0,0
518995791497187_1069681546428606,https://www.facebook.com/VisualizationStudio/posts/1069681546428606:0,"We are so ready to show you the future of interactive graphics on Friday, at our Open House 3-7PM",Photo,,,"12/01/2015 06:36:25 AM"," ",568,568,0,1354,1354,0,46,,20,,2,,22,,3,32,59,,10,29,,,12,47,,0,0,,,,,920,275,0,0,34,0,,,,,0,,,,,,,,,,,,,,,,,,,,,,,,,,,,,,,,,,,,,,,,,,,,,
518995791497187_1069171433146284,https://www.facebook.com/VisualizationStudio/posts/1069171433146284:0,"We say live long and prosper to our magical studio engineer Henrik as he joins the most exciting job user testing Paradox Interactive titles!",Photo,,,"11/30/2015 02:00:31 AM"," ",1091,1091,0,2282,2282,0,113,1,23,,1,1,26,,1,99,207,,60,90,,,93,114,,0,0,,,,,1210,417,0,0,78,0,,,,,0,,,,,,,,,,,,,,,,,,,,,,,,,,,,,,,,,,,,,,,,,,,,,
518995791497187_1067440973319330,https://www.facebook.com/VisualizationStudio/posts/1067440973319330:0,"Tommy Palm from Resolution Games capturing so much attention at our Game Design course. More info: http://www.resolutiongames.com/",Photo,,,"11/26/2015 06:28:59 AM"," ",471,471,0,1073,1073,0,66,1,9,,1,3,9,,2,61,82,9,16,43,,9,21,52,,0,0,,,,,834,285,0,0,43,0,,,,,0,,,,,,,,,,,,,,,,,,,,,,,,,,,,,,,,,,,,,,,,,,,,,
518995791497187_658200147655412,https://www.facebook.com/events/658200147655412/,"Open House 2015",Status,,,"11/23/2015 06:59:50 AM"," ",284,284,0,697,697,0,72,,59,5,,,74,13,,9,9,,9,,,,9,,,0,0,,,,,525,179,0,0,40,0,,,,,0,,,,,,,,,,,,,,,,,,,,,,,,,,,,,,,,,,,,,,,,,,,,,
518995791497187_1066034313459996,https://www.facebook.com/VisualizationStudio/posts/1066034370126657,"Our students invite you to experience the future of interactive graphics in their 2015 Open House on Friday, December 4 from 15:00 to 19:00 at Visualization Studio VIC.",Photo,,,"11/23/2015 06:49:54 AM"," ",176,176,0,339,339,0,27,,7,,,,7,,,20,36,,2,20,,,4,32,,0,0,,,,,1,1,0,0,9,0,,,,,0,,,,,,,,,,,,,,,,,,,,,,,,,,,,,,,,,,,,,,,,,,,,,
518995791497187_1063314490398645,https://www.facebook.com/VisualizationStudio/posts/1063314490398645,"Visit from NT-gymnasiet in Jakobsberg.",Photo,,,"11/17/2015 06:55:14 AM"," ",241,241,0,679,679,0,13,,5,,,,5,,,9,10,,6,3,,,7,3,,0,0,,,,,463,107,0,0,12,0,,,,,0,,,,,,,,,,,,,,,,,,,,,,,,,,,,,,,,,,,,,,,,,,,,,
518995791497187_1061453760584718,https://www.facebook.com/VisualizationStudio/posts/1061453760584718:0,"Recording going on with Sweden's only astronaut, professor Christer Fuglesang. We'll tell you later what it'll be for...",Photo,,,"11/13/2015 04:15:44 AM"," ",494,494,0,1150,1150,0,46,,8,,,,8,,,42,73,,13,36,,,15,58,,0,0,,,,,823,276,0,0,28,0,,,,,0,,,,,,,,,,,,,,,,,,,,,,,,,,,,,,,,,,,,,,,,,,,,,
518995791497187_1061428027253958,https://www.facebook.com/VisualizationStudio/posts/1061428027253958,"The incredibly beautiful and vibrant Stockholm makes us proud again by trailblazing innovation and you bet our KTH students are a central part of it. Enjoy the weekend!",Link,,,"11/13/2015 02:44:45 AM"," ",2316,2316,0,5418,5418,0,147,1,58,,7,2,65,,9,100,149,66,52,,,72,77,,,0,0,,,,,1933,542,0,0,59,0,0,0,0,0,0,,,,,,,,,,,,,,,,,,,,,,,,,,,,,,,,,,,,,,,,,,0,0,0,0
518995791497187_1061023727294388,https://www.facebook.com/VisualizationStudio/posts/1061023743961053,"Multimodal interaction and interfaces students 2015 test YA3 as part of the lecture on mixed realities and tracking and wall and surface interaction. More info: http://ya3.philipshield.com/",Photo,,,"11/12/2015 04:16:04 AM"," ",194,194,0,326,326,0,48,,5,,1,,6,,1,44,69,,5,41,,,5,64,,0,0,,,,,39,19,0,0,27,0,,,,,0,,,,,,,,,,,,,,,,,,,,,,,,,,,,,,,,,,,,,,,,,,,,,
518995791497187_1059903044073123,https://www.facebook.com/VisualizationStudio/posts/1059903044073123,"Thrust Yourself is on display at the Dome of Visions SE on Wednesday, November 11, 2015, from 4 to 6 pm. Join us! 
More info: http://tinyurl.com/thrustyourself",Photo,,,"11/09/2015 12:44:18 PM"," ",179,179,0,433,433,0,3,,2,,,,2,,,1,2,,1,,,,2,,,0,0,,,,,294,73,0,0,1,0,0,0,0,0,0,,,,,,,,,,,,,,,,,,,,,,,,,,,,,,,,,,,,,,,,,,0,0,0,0
518995791497187_1059902190739875,https://www.facebook.com/VisualizationStudio/posts/1059902214073206,"Visualization Studio VIC's cover photo",Photo,,,"11/09/2015 12:40:38 PM"," ",17,17,0,17,17,0,21,,1,,,,1,,,20,25,,,20,,,,25,,0,0,,,,,0,0,0,0,11,0,,,,,0,,,,,,,,,,,,,,,,,,,,,,,,,,,,,,,,,,,,,,,,,,,,,
518995791497187_1058429024220525,https://www.facebook.com/VisualizationStudio/posts/1058429024220525,"We will be presenting our students' project Thrust Yourself at the Dome of Visions SE next Wednesday at 4PM. Join us!
For more info:
http://www.student.nada.kth.se/~etoh/ThrustYourself/",Link,,,"11/06/2015 08:42:02 AM"," ",195,195,0,436,436,0,7,,7,,,,7,,,0,0,,,,,,,,,0,0,,,,,289,90,0,0,3,0,0,0,0,0,0,,,,,,,,,,,,,,,,,,,,,,,,,,,,,,,,,,,,,,,,,,0,0,0,0
518995791497187_1058372237559537,https://www.facebook.com/VisualizationStudio/posts/1058372237559537,"Our friends at Visual Arena in Lindholmen are hosting a great visualization conference soon - Visual Forum 2015 on November 18. Get inspired, deepen your knowledge and make new connections with speakers, exhibitors and conference participants. Topics include augmented reality, virtual reality, autonomous systems, simulation, smart cities, gaming, connectivity and more. Visual Forum website and registration: http://visualforum.lindholmen.se/en",Link,,,"11/06/2015 05:54:47 AM"," ",542,542,0,1123,1123,0,23,,7,,,,7,,,18,28,17,6,,,17,11,,,0,0,,,,,810,328,0,0,20,0,0,0,0,0,0,,,,,,,,,,,,,,,,,,,,,,,,,,,,,,,,,,,,,,,,,,0,0,0,0
518995791497187_1058361190893975,https://www.facebook.com/VisualizationStudio/posts/1058361190893975,"Our Visualization Studio VIC spin off start up Flying Colors 3D on the front page of KTH.se!!!",Link,,,"11/06/2015 05:33:07 AM"," ",170,170,0,383,383,0,9,,8,,,,8,,,1,4,,1,,,,4,,,0,0,,,,,258,77,0,0,5,0,0,0,0,0,0,,,,,,,,,,,,,,,,,,,,,,,,,,,,,,,,,,,,,,,,,,0,0,0,0
518995791497187_1058091007587660,https://www.facebook.com/VisualizationStudio/videos/1058091007587660/,"Our Advanced Graphics and Interaction students blowing the socks off our brand new Multimodal Interaction and Interfaces students as part of our lecture",Video,,,"11/05/2015 02:39:34 PM"," ",2273,2273,0,4782,4782,0,248,,57,,6,,64,,7,216,398,,89,90,144,,117,115,166,0,0,,,,,1333,459,0,0,81,28266,255,205,0,0,60460,0.9274,1,0.9721,0.8426,0.7663,0.703,0.6592,0.5978,0.5615,0.5391,0.513,0.4981,0.4488,0.4218,0.4088,0.3911,0.3771,0.3603,0.3529,0.3436,0.3268,0.3194,0.3091,0.3026,0.297,0.2914,0.2831,0.2747,0.2737,0.2672,0.2663,0.2663,0.2533,0.2533,0.2449,0.243,0.243,0.2421,0.2374,0.2263,0.216,1094,852,0,0
518995791497187_1057437340986360,https://www.facebook.com/VisualizationStudio/videos/1057437340986360/,"Advanced Graphics and Interaction hIghlights from Comic Con Stockholm!",Video,,,"11/04/2015 01:00:00 PM"," ",1353,1353,0,2481,2481,0,73,,17,,1,,18,,1,61,94,,39,4,41,,45,5,44,0,0,,,,,1173,449,0,0,44,15767,121,112,0,0,26866,0.9229,0.9953,1,0.986,0.8481,0.7687,0.6963,0.6355,0.5981,0.5537,0.5093,0.4766,0.4486,0.4322,0.4299,0.4159,0.3995,0.3738,0.3481,0.3318,0.3224,0.3154,0.3061,0.2944,0.2921,0.2897,0.285,0.278,0.2687,,,,,,,,,,,,,432,367,0,0
518995791497187_1057429910987103,https://www.facebook.com/VisualizationStudio/posts/1057429910987103:0,"The Comic Con Stockholm effect: broke our post reach record by 10000%!!! And we only post 100% organic.:D",Photo,,,"11/04/2015 11:00:00 AM"," ",406,406,0,754,754,0,54,,10,,,,10,,,49,76,,15,42,,,22,54,,0,0,,,,,494,199,0,0,37,0,,,,,0,,,,,,,,,,,,,,,,,,,,,,,,,,,,,,,,,,,,,,,,,,,,,
518995791497187_1057425167654244,https://www.facebook.com/VisualizationStudio/posts/1057425167654244,"Our friends at Tekniska museet will have a special feature of our Visualization Studio VIC project &quot;Paint with the eyes&quot; tonight. Exciting times people!",Link,,,"11/04/2015 04:00:01 AM"," ",135,135,0,301,301,0,3,,2,,,,2,,,1,1,,1,,,,1,,,0,0,,,,,219,72,0,0,3,0,0,0,0,0,0,,,,,,,,,,,,,,,,,,,,,,,,,,,,,,,,,,,,,,,,,,0,0,0,0
518995791497187_1057422154321212,https://www.facebook.com/VisualizationStudio/posts/1057422154321212:0,"We are so looking forward to experience the out-of-this-world projects that our brand new students in Multimodal Interaction and Interfaces 2015 will create in the next few months!!! Welcome to our studio students!",Photo,,,"11/04/2015 02:03:26 AM"," ",485,485,0,1056,1056,0,70,3,22,,1,6,23,,2,57,101,,23,48,,,34,67,,0,0,,,,,635,232,0,0,49,0,,,,,0,,,,,,,,,,,,,,,,,,,,,,,,,,,,,,,,,,,,,,,,,,,,,
518995791497187_1056987441031350,https://www.facebook.com/VisualizationStudio/posts/1056987441031350,"Our spin off start up Flying Colors 3D joined us on Saturday at Comic Con Stockholm and shared fun moments with 3D artists and apprentices of all ages!",Photo,,,"11/03/2015 01:32:37 AM"," ",212,212,0,445,445,0,11,,8,,,,8,,,4,11,,4,,,,11,,,0,0,,,,,330,120,0,0,7,0,0,0,0,0,0,,,,,,,,,,,,,,,,,,,,,,,,,,,,,,,,,,,,,,,,,,0,0,0,0
518995791497187_1056974771032617,https://www.facebook.com/VisualizationStudio/posts/1056974814365946,"Advanced Graphics and Interaction 2015 students returning home from Comic Con Stockholm. Welcome!",Photo,,,"11/03/2015 12:32:55 AM"," ",229,229,0,381,381,0,55,,15,,1,,15,,1,42,78,,5,38,,,14,64,,0,0,,,,,26,14,0,0,27,0,,,,,0,,,,,,,,,,,,,,,,,,,,,,,,,,,,,,,,,,,,,,,,,,,,,
518995791497187_1055953494468078,http://www.facebook.com/media/set/?set=ms.c.eJxNmFuyLSkIRGfUgQoC859YuzNvJed3BfIWqVoW0XFiZdly6%7E%3B%7E%3BWP7DXOp6%7E_BQwSywQWJY7ABTglkAT5gbvdb9mNAZSQlZuUkJU0gJCO3D8%7E%3BTslKHkq4QAG4YqlFcAXoh8uPousmpdWQmFgaCTpXStsJpLSDQEq7fkpvfxJu9GMPoB87BBI64svpSzckVgpQx5KOxXx4CVwCFyiCL8m%7E_UbmbsrI3wUhQx5GOcyBxl0A8P7J7D8CRieXQ7JaE00oMYAonFg9IqHLPBIGC8yaQlaBjvgZAqSljPzvP04k2GJwpOLRltirn9xD8kfgd2V0jQSArif7YJdfT4di2AVA6tU2mcPJR9GOCq0uwBkCp%7E_tQrCeRH0%7E%3BWpXNPskdlGj%7E_07AH0a6tMwRhsl4AQjAT%7E_iRiIo8bkebMutysVqgjUAjtkfCShN6dhGiRRAtK9%7E_AkyQrQGUqAEwq3wE%7E_3SrT383%7E_emoieXQ070GQOkE50YJE3DqOAMgodZ%7E_HUMJKQ2DUl3TCNbFpCMKRzRy4hqBwr%7E_LQFaSEpqWwbZcastIXMLQrQzO0zXhZxLIj2R%7E%3BTCxFsz7gECiWpsSRBNuypgyNC7QmFs7TNbF0E3wZu8bgdgpgjr2WF0Cxl56Cyy5c6sK76McaCVxTLxPADPJsgaKOL2PvzYIOuwMgcXRkb0qEANrS1ZZ3o7Zvfg6gjrHC8I%7E%3BCP84jipYDdqmUl52cKuV1Jlmvx3VcoBedAI%7E%3BkHKHZJbNcBHzC5zxNzdMbzNiEH7hia8IPKtU1vffwyABUztoHwMpUP5HT1CW8bFybaDlxXbfyJrO%7E_JME%7E_TfXpLXhqGjmXA9ZtjtAPja3LeZqap5eNa2rc28jHmdp28sjnWBrB%7E%3BgNwpHIAlOqxeKsJJT4ruQhSYDMfWllyHwIp3c4jMrtR%7E%3Batn7bnII5I4mxIxABJ7jtAPvQ0P4IhGTnL0XY2%7E_9CSQlSAYxwKtbbYFmkA68CJbj%7E_tJUAMOgcLPIFAsScdCSgsD5SxlvTaB%7E%3BCiHjsl6oR2utuDk6LsafQ9Ah40EddyRQMNsNczPjR%7E%3BQCH6zBkr1JNVixrSNP4Aj%7E_UVbLPZWTn%7E%3BLxe%7E_I%7E%3BKhNs3pfngQck%7E_vFkRMaOW%7E_gE6wBOLJdICkhs3waY2LxQ%7E_AjAR16X8qDEl%7E%3BWizNo%7E_wC6rpFTwWjdBkCphnShg2xWhWIHlTqouAaG1sDiGhhaA%7E_ui17cW%7E_OJ7G3pvf%7E_sYJBQtx9bsDpV0fcn1Mvih21AY%7E_09CZtmWW21ZXBRDi2JxSoWmVHEv3FqdqhD%7E_wx%7E%3BA54qVom2DY7MqtFEiRuJSogRYbM2x1%7E_o4ogW%7E_Fz1d0sElb%7E_WA4pGvts2dLlSo3sj6bAbNseWqXG%7E%3Bq0OPZ%7E%3BFyZ3eFtGwAqVHNsLY2tPtSh17QdrrvGRbNxXY3bbNxS4zYb12t0UKnmR7OTZ5l4AEcmH8Gs2wBmXXMd8%7E_EHZDaY06Mj%7E%3BKyeZeJ9yRCoUL81wWyWib6Y2u8r4AMJ13NiKfT67A5v1EIiR4KO6c51G4Ey1nRMc72bjpkca6ZwXGef5vRp0%7E_z9J%7E%3BHWQtblm0EP4Gbn9%7E%3B3yQFLCPrDgmJWOLDSdf2vPD0AipYMD1r4Be41fJ24DkEK9%7E_w80QQ2Aji%7E_W3xF4ehTLOTwixxw3KpeU8htZfzd%7E_3wSUuB%7E%3Bggna%7E_Be0B3P209T9w16NB.bps.a.1055953494468078.1073741877.518995791497187&amp;type=1,"Students of Advanced Graphics and Interaction at KTH Royal Institute of Technology present their course projects at Comic Con Stockholm as part of their course examination. For more information, please visit:
https://www.kth.se/social/course/DH2413/page/agi15-comic-con-gamex/",Photo,,,"10/31/2015 02:40:04 PM"," ",1470,1470,0,3769,3769,0,233,4,43,,7,4,57,,11,204,9409,3,85,186,,3,172,9234,,1,1,1,,1,,1272,359,0,0,78,0,,,,,0,,,,,,,,,,,,,,,,,,,,,,,,,,,,,,,,,,,,,,,,,,,,,
518995791497187_1055770027819758,https://www.facebook.com/VisualizationStudio/videos/1055770027819758/,"Our report from Saturday at Comic Con Stockholm: our students have not stopped exhibiting for a single minute since 10:00 and people are having a great time!",Video,,,"10/31/2015 05:21:43 AM"," ",1095,1095,0,2089,2089,0,37,,10,,1,,11,,1,31,46,,12,1,23,,21,1,24,0,0,,,,,967,323,0,0,19,38552,22,20,0,0,168798,1,0.9207,0.689,0.5854,0.4573,0.4207,0.3598,0.2805,0.2744,0.2683,0.2439,0.2439,0.2195,0.2073,0.1951,0.189,0.189,0.189,0.1829,0.1768,0.1768,0.1707,0.1646,0.1585,0.1402,0.1463,0.1402,0.1402,0.122,0.1341,0.1463,0.1524,0.1524,0.1402,0.1341,0.1341,0.1341,0.1341,0.1341,0.1341,0.1098,187,148,0,0
518995791497187_1055528081177286,https://www.facebook.com/VisualizationStudio/videos/1055528081177286/,"Our Padawan 101 students of Advanced Graphics and Interaction wait for you during Comic Con Stockholm over the weekend at Friends Arena. Join us!
Padawan 101 is an immersive training program for young jedis where the learners battle training spheres eager to shoot and shock them. The experience combines accelerometer and gyroscope sensing on the phone to orient a light saber virtually attached to it, a skeleton tracked by a Microsoft Kinect that allows the young jedi to move the sword around and the virtual reality experience of the Oculus Rift augmented with sound effects.
For more information, please visit:
https://www.kth.se/social/course/DH2413/page/agi15-comic-con-gamex/",Video,,,"10/30/2015 04:09:33 PM"," ",28340,28340,0,29112,29112,0,445,,8,,2,,10,,2,441,759,1,334,1,395,1,356,1,401,0,0,,,,,873,316,0,0,29,20098,283,270,0,0,30030,0.9617,1,0.9853,0.9853,0.9214,0.8625,0.8507,0.8409,0.8271,0.7898,0.7397,0.7033,0.6758,0.667,0.6532,0.6424,0.6248,0.6012,0.5864,0.5737,0.5717,0.5619,0.5589,0.5481,0.5255,0.5039,0.4725,0.4312,0.3772,0.3418,0.2957,0.2387,0.2063,,,,,,,,,1037,972,0,0
518995791497187_1055303611199733,https://www.facebook.com/VisualizationStudio/videos/1055303611199733/,"Our first report from the ground: Advanced graphics and interaction very much on-demand",Video,,,"10/30/2015 03:45:53 AM"," ",2014,2014,0,4165,4165,0,130,,35,,5,,42,,7,110,171,,67,2,72,,86,3,82,0,0,,,,,1601,529,0,0,62,31978,96,92,0,0,94880,0.9879,1,0.7862,0.6776,0.6034,0.5414,0.4897,0.4534,0.4138,0.3793,0.3603,0.3552,0.3345,0.3172,0.3017,0.2828,0.2741,0.269,0.2552,0.2431,0.2483,0.2414,0.231,0.2276,0.2241,0.231,0.2241,0.2155,0.2034,0.2034,0.2052,0.2086,0.2121,0.2069,0.1948,0.1793,0.1776,0.1741,0.1655,0.1586,0.1448,619,507,0,0
518995791497187_1055253817871379,https://www.facebook.com/VisualizationStudio/videos/1055253817871379/,"Our Blopper students of Advanced Graphics and Interaction wait for you during Comic Con Stockholm starting today, Friday, and over the weekend at Friends Arena. Join us!
Blopper is a full-body immersion into a game of balloon popping. It combines a Microsoft Kinect with a Google Cardboard and an Android Samsung.
For more information, please visit:
https://www.kth.se/social/course/DH2413/page/agi15-comic-con-gamex/",Video,,,"10/30/2015 12:02:16 AM"," ",1038,1038,0,2178,2178,0,60,,8,,2,,10,,2,57,87,2,33,2,37,2,45,2,38,0,0,,,,,934,324,0,0,32,20081,64,64,0,0,34401,0.9311,1,1,0.977,0.9213,0.8328,0.7869,0.7311,0.6885,0.6656,0.6328,0.6197,0.6,0.5705,0.5508,0.541,0.541,0.5311,0.5082,0.4951,0.4754,0.459,0.4361,0.4197,0.4033,0.3639,0.3279,0.318,0.3049,0.3049,0.2852,0.2656,0.2426,0.223,0.2197,0.1902,0.1738,,,,,310,256,0,0
518995791497187_1055070777889683,https://www.facebook.com/VisualizationStudio/videos/1055070777889683/,"Our Shmooning students of Advanced Graphics and Interaction wait for you during Comic Con Stockholm starting tomorrow Friday and over the weekend at Friends Arena. Join us!
Shmooning is the virtual reality experience of an astronaut struggling to return to moonbase battling through paratrooping martians. It combines Wii-mote control with Oculus Rift immersion. 
For more information, please visit: 
https://www.kth.se/social/course/DH2413/page/agi15-comic-con-gamex/",Video,,,"10/29/2015 01:30:53 PM"," ",998,998,0,1917,1917,0,38,,13,,1,,16,,1,28,38,,14,,17,,20,,18,0,0,,,,,899,340,0,0,23,22978,41,37,0,0,59993,0.9565,1,0.9783,0.8304,0.7261,0.6304,0.5652,0.5435,0.4696,0.4261,0.3826,0.3522,0.313,0.3087,0.2957,0.2739,0.2739,0.2783,0.2783,0.2783,0.2783,0.2739,0.2522,0.2435,0.2304,0.2217,0.2174,0.2174,0.2087,0.2043,0.1957,0.187,0.1913,0.1913,0.1957,0.1957,0.1913,0.187,0.1783,0.1435,0.1261,237,181,0,0
518995791497187_1055046427892118,https://www.facebook.com/VisualizationStudio/videos/1055046427892118/,"Our Shmooning students of Advanced Graphics and Interaction wait for you during Comic Con Stockholm this starting tomorrow Friday and over the weekend at Friends Arena. Join us!
Shmooning is the virtual reality experience of an astronaut returning to moon base battling through a field of paratrooping martians. It connects Wii-mote controls with Oculus Rift.
For more information, please visit: 
https://www.kth.se/social/course/DH2413/page/agi15-comic-con-gamex/",Video,,,"10/29/2015 12:30:26 PM"," ",1,1,0,1,1,0,0,,,,,,,,,0,0,,,,,,,,,0,0,,,,,1,1,0,0,0,6080,0,0,0,0,89189,1,1,0,0,0,1,0,0,0,1,0,0,0,0,0,0,0,0,0,0,0,0,0,0,0,0,0,0,0,0,0,0,0,0,0,0,0,0,0,0,0,1,1,0,0
518995791497187_1054914054572022,https://www.facebook.com/VisualizationStudio/posts/1054914054572022,"Look, look! Our space is already built and waiting for our installation. It is the long one in the center with the three tall walls at a 45 degree angle.",Photo,,,"10/29/2015 05:28:00 AM"," ",338,338,0,676,676,0,24,,1,,,,1,,,23,25,,17,6,,,19,6,,0,0,,,,,546,239,0,0,23,0,0,0,0,0,0,,,,,,,,,,,,,,,,,,,,,,,,,,,,,,,,,,,,,,,,,,0,0,0,0
518995791497187_1054473021282792,https://www.facebook.com/VisualizationStudio/posts/1054473021282792,"Our BRARWL students of Advanced Graphics and Interaction wait for you during Comic Con Stockholm this weekend at Friends Arena. Join us!

BRARWL is a multiplayer fighting game in augmented reality for mobile devices. By looking on the game board through the camera on the device, the player controls a fighter with an on-screen gamepad.
For more information, please visit: 
https://www.kth.se/social/course/DH2413/page/agi15-comic-con-gamex/",Link,,,"10/28/2015 03:24:57 AM"," ",1462,1462,0,3168,3168,0,78,2,47,,3,3,68,,4,43,60,17,29,,,20,40,,,0,0,,,,,804,286,0,0,25,0,0,0,0,0,0,,,,,,,,,,,,,,,,,,,,,,,,,,,,,,,,,,,,,,,,,,0,0,0,0
518995791497187_1054107307986030,https://www.facebook.com/VisualizationStudio/videos/1054107307986030/,"Our BRARWL students of Advanced Graphics and Interaction wait for you during Comic Con Stockholm this weekend at Friends Arena. Join us!

BRARWL is a multiplayer fighting game in augmented reality for mobile devices. By looking on the game board through the camera on the device, the player can control the character with an on-screen gamepad.
https://www.kth.se/social/course/DH2413/page/agi15-comic-con-gamex/",Video,,,"10/27/2015 07:17:09 AM"," ",3,3,0,3,3,0,1,,,,,,,,,1,1,,1,,,,1,,,0,0,,,,,3,3,0,0,1,22433,0,0,0,0,84360,1,1,0.5,0.5,0.5,0.5,0.5,0.5,0.5,0.5,0.5,0.5,0.5,0.5,0.5,0.5,0.5,0.5,0.5,0,0,0,0,0,0,0,0,0,0,0,0,0,0,0,0,0,0,0,0,0,0,2,2,0,0
518995791497187_1054056411324453,https://www.facebook.com/VisualizationStudio/posts/1054056504657777,"The KTH Royal Institute of Technology Advanced Graphics and Interaction 2015 students and the Visualization Studio VIC invite you to experience the future of interactive graphics through our students' six state of the art projects at Comic Con Stockholm in Friends Arena. For more information please visit: https://www.kth.se/social/course/DH2413/page/agi15-comic-con-gamex/",Photo,,,"10/27/2015 05:02:02 AM"," ",5,5,0,5,5,0,20,1,9,,,1,9,,,12,27,,,12,,,,27,,0,0,,,,,0,0,0,0,11,0,,,,,0,,,,,,,,,,,,,,,,,,,,,,,,,,,,,,,,,,,,,,,,,,,,,
518995791497187_1054026564660771,https://www.facebook.com/VisualizationStudio/videos/1054026564660771/,"Our BrARwl students of Advanced Graphics and Interaction wait for you during Comic Con Stockholm this weekend at Friends Arena. Join us to get a glimpse into the future of mobile games!
BrARwl is an augmented reality game where multiple players use their phone's camera and screen to peek into a fantasy world of gladiators and control their champion to be the last standing. Join us, it's terribly fun and innovative! 
For more information, please visit: 
https://www.kth.se/social/course/DH2413/page/agi15-comic-con-gamex/",Video,,,"10/27/2015 03:24:06 AM"," ",0,0,0,0,0,0,0,,,,,,,,,0,0,,,,,,,,,0,0,,,,,0,0,0,0,0,0,0,0,0,0,84360,,,,,,,,,,,,,,,,,,,,,,,,,,,,,,,,,,,,,,,,,,0,0,0,0
518995791497187_1053822668014494,https://www.facebook.com/VisualizationStudio/videos/1053822668014494/,"Our Teamtris students of Advanced Graphics and Interaction wait for you during Comic Con Stockholm this weekend at Friends Arena. Join us!

Teamtris provides two orthogonal views of the same tower of blocks where two players rotate and translate the blocks communicating to collaboratively improve their score. It is a new mind bender of the old game of skill. 
For more information, please visit: 
https://www.kth.se/social/course/DH2413/page/agi15-comic-con-gamex/",Video,,,"10/26/2015 03:38:37 PM"," ",945,945,0,1934,1934,0,98,2,22,,1,2,31,,8,87,128,1,38,2,56,2,64,3,59,0,0,,,,,833,269,0,0,47,17821,129,111,0,0,31464,0.952,1,0.9942,0.9789,0.8522,0.7697,0.6833,0.6488,0.5969,0.5605,0.524,0.4875,0.4664,0.4472,0.4184,0.4146,0.3877,0.3589,0.3532,0.334,0.3186,0.3033,0.2917,0.2879,0.2783,0.2706,0.2687,0.2668,0.2572,0.2572,0.2495,0.2399,0.2073,,,,,,,,,530,403,0,0
518995791497187_1053626014700826,https://www.facebook.com/VisualizationStudio/videos/1053626014700826/,"Our Mad Sand students of Advanced Graphics and Interaction wait for you during Comic Con Stockholm this weekend at Friends Arena. Join us!

Mad Sand is an augmented-reality asymmetrical game for two people to drive a penguin over a changing landscape and collect as much candy as possible. It's fun and innovative! For more information, please visit: 
https://www.kth.se/social/course/DH2413/page/agi15-comic-con-gamex/",Video,,,"10/26/2015 06:10:53 AM"," ",2967,2967,0,6601,6601,0,259,9,56,,3,12,80,,12,222,353,7,132,3,142,8,182,8,155,1,1,,1,,1,1117,341,0,0,80,23195,467,419,0,0,32465,0.9495,1,0.9886,0.9658,0.8916,0.846,0.8077,0.7897,0.7498,0.7262,0.7058,0.6822,0.6691,0.639,0.6251,0.6088,0.5949,0.5721,0.555,0.5444,0.5314,0.5249,0.5159,0.5102,0.4947,0.4857,0.4703,0.4572,0.445,0.4295,0.4197,0.4075,0.3977,0.392,0.3839,0.3725,0.3578,,,,,1255,1021,0,0
518995791497187_1052337164829711,https://www.facebook.com/VisualizationStudio/posts/1052337164829711,"With just one week to go, we are very excited about showing you the advanced graphics and interaction projects at Comic Con Stockholm! Join us!

For more information on the projects, please visit: 
https://www.kth.se/social/course/DH2413/page/agi15-comic-con-gamex/",Link,,,"10/23/2015 08:24:13 AM"," ",128,128,0,407,407,0,5,,4,,,,4,,,2,4,1,2,,,1,3,,,0,0,,,,,345,87,0,0,4,0,0,0,0,0,0,,,,,,,,,,,,,,,,,,,,,,,,,,,,,,,,,,,,,,,,,,0,0,0,0
518995791497187_1039929309403830,https://www.facebook.com/VisualizationStudio/posts/1039929309403830,"Two years ago today Mario is quoted predicting Google Glasses will most likely not be accepted because of societal norms about privacy, fashion, and the limits of interaction during face-to-face communication. #throwbackthursday",Link,,,"10/15/2015 05:38:01 AM"," ",2172,2172,0,4613,4613,0,185,2,39,,1,3,42,,1,157,209,84,88,,,88,121,,,0,0,,,,,1773,567,0,0,108,0,0,0,0,0,0,,,,,,,,,,,,,,,,,,,,,,,,,,,,,,,,,,,,,,,,,,0,0,0,0
518995791497187_1046178705445557,https://www.facebook.com/VisualizationStudio/posts/1046178722112222,"Perfect October skies.",Photo,,,"10/09/2015 04:35:03 AM"," ",147,147,0,202,202,0,31,,11,,,,11,,,23,37,,4,20,,,4,33,,0,0,,,,,6,2,0,0,20,0,,,,,0,,,,,,,,,,,,,,,,,,,,,,,,,,,,,,,,,,,,,,,,,,,,,
518995791497187_1069464769733001,https://www.facebook.com/events/1069464769733001/,"AGI15 present",Status,,,"10/07/2015 07:38:07 AM"," ",153,153,0,368,368,0,41,6,34,3,,8,53,11,,4,4,,4,,,,4,,,0,0,,,,,330,127,0,0,22,0,,,,,0,,,,,,,,,,,,,,,,,,,,,,,,,,,,,,,,,,,,,,,,,,,,,
518995791497187_1045417102188384,https://www.facebook.com/VisualizationStudio/posts/1045417102188384,"Sweden in the news again for good reasons.",Link,,,"10/07/2015 06:59:56 AM"," ",367,367,0,1017,1017,0,18,,8,,,,8,,,11,12,10,1,,,11,1,,,0,0,,,,,880,267,0,0,17,0,0,0,0,0,0,,,,,,,,,,,,,,,,,,,,,,,,,,,,,,,,,,,,,,,,,,0,0,0,0
518995791497187_1045389962191098,https://www.facebook.com/VisualizationStudio/posts/1045389962191098,"From the Earth to the Big Bang",Photo,,,"10/07/2015 05:36:48 AM"," ",264,264,0,693,693,0,16,,8,,,,8,,,9,14,,8,1,,,13,1,,0,0,,,,,573,175,0,0,14,0,,,,,0,,,,,,,,,,,,,,,,,,,,,,,,,,,,,,,,,,,,,,,,,,,,,
518995791497187_1045388522191242,https://www.facebook.com/VisualizationStudio/posts/1045388572191237,"Visualization Studio VIC's cover photo",Photo,,,"10/07/2015 05:31:58 AM"," ",21,21,0,32,32,0,13,1,1,,,2,1,,,13,29,,,13,,,,29,,0,0,,,,,0,0,0,0,7,0,,,,,0,,,,,,,,,,,,,,,,,,,,,,,,,,,,,,,,,,,,,,,,,,,,,
518995791497187_1044963668900394,https://www.facebook.com/VisualizationStudio/posts/1044963732233721,"Some of our Fall 2015 activities. For more information:
https://www.kth.se/profile/marior/",Photo,,,"10/06/2015 05:38:57 AM"," ",11,11,0,16,16,0,19,,1,,,,1,,,18,41,,,18,,,,41,,0,0,,,,,0,0,0,0,14,0,,,,,0,,,,,,,,,,,,,,,,,,,,,,,,,,,,,,,,,,,,,,,,,,,,,
518995791497187_1044960025567425,https://www.facebook.com/VisualizationStudio/posts/1044960025567425:0,"Mario presenting some of our Fall 2015 activities. For more info:
https://www.kth.se/profile/marior/",Photo,,,"10/06/2015 05:26:27 AM"," ",400,400,0,1370,1370,0,59,1,11,,2,1,16,,4,54,110,2,17,52,,2,24,84,,0,0,,,,,617,164,0,0,40,0,,,,,0,,,,,,,,,,,,,,,,,,,,,,,,,,,,,,,,,,,,,,,,,,,,,
518995791497187_1044648475598580,https://www.facebook.com/VisualizationStudio/posts/1044648475598580,"We're planning big things with our friends at the Dome of Visions SE. Stay tuned! And in the meantime you can stop for a hot cup of coffee and check out the wonderful space they have created.",Photo,,,"10/05/2015 09:26:23 AM"," ",260,260,0,695,695,0,21,2,8,,2,3,9,,2,12,16,,9,4,,,12,4,,0,0,,,,,438,120,0,0,15,0,,,,,0,,,,,,,,,,,,,,,,,,,,,,,,,,,,,,,,,,,,,,,,,,,,,
518995791497187_1044525568944204,https://www.facebook.com/VisualizationStudio/posts/1044525568944204,"Our spin off Flying Colors 3D getting recognition. Cheers!",Link,,,"10/05/2015 02:50:24 AM"," ",475,475,0,1123,1123,0,24,,11,,1,,11,,1,14,19,9,8,,,10,9,,,0,0,,,,,705,275,0,0,19,0,0,0,0,0,0,,,,,,,,,,,,,,,,,,,,,,,,,,,,,,,,,,,,,,,,,,0,0,0,0
518995791497187_1043303402399754,https://www.facebook.com/VisualizationStudio/posts/1043303402399754:0,"GIS students testing the multiplayer augmented reality game brARwl.",Photo,,,"10/02/2015 05:59:11 AM"," ",302,302,0,668,668,0,24,,4,,,,4,,,23,43,,10,22,,,12,31,,0,0,,,,,531,201,0,0,15,0,,,,,0,,,,,,,,,,,,,,,,,,,,,,,,,,,,,,,,,,,,,,,,,,,,,
518995791497187_1043302169066544,https://www.facebook.com/VisualizationStudio/posts/1043302169066544:0,"GIS students testing an embodied sculpting experience that includes stereoscopic first-person active projection with sound and haptic feedback. In other words, you see, hear, and feel that the model is physically in front of you.",Photo,,,"10/02/2015 05:56:54 AM"," ",216,216,0,480,480,0,23,2,4,,,2,4,,,20,24,,3,18,,,3,21,,0,0,,,,,404,161,0,0,15,0,,,,,0,,,,,,,,,,,,,,,,,,,,,,,,,,,,,,,,,,,,,,,,,,,,,
518995791497187_1043299309066830,https://www.facebook.com/VisualizationStudio/posts/1043299309066830:0,"GIS students exploring MadSand. That is, geographic information systems students are exploring an interactive and immersive augmented reality experience where the user modifies the geography of the game by literally digging into physical sand",Photo,,,"10/02/2015 05:49:43 AM"," ",681,681,0,1380,1380,0,46,,17,,1,,19,,1,32,60,,17,24,,,21,39,,0,0,,,,,695,285,0,0,27,0,,,,,0,,,,,,,,,,,,,,,,,,,,,,,,,,,,,,,,,,,,,,,,,,,,,
518995791497187_1043297072400387,https://www.facebook.com/VisualizationStudio/posts/1043297072400387:0,"GIS students testing MadSand!",Photo,,,"10/02/2015 05:42:12 AM"," ",183,183,0,396,396,0,29,,10,,1,,12,,1,25,42,,3,23,,,4,38,,0,0,,,,,323,125,0,0,20,0,,,,,0,,,,,,,,,,,,,,,,,,,,,,,,,,,,,,,,,,,,,,,,,,,,,
518995791497187_1043256465737781,https://www.facebook.com/VisualizationStudio/posts/1043256465737781:0,"This morning we had a group of students in journalism from Stockholm university visiting. We had an inspiring seminar on the future of storytelling, journalism and the possible role for interactive technologies",Photo,,,"10/02/2015 03:39:21 AM"," ",349,349,0,702,702,0,42,,8,,1,,8,,1,35,67,,18,23,,,23,44,,1,1,,1,,1,506,224,0,0,31,0,,,,,0,,,,,,,,,,,,,,,,,,,,,,,,,,,,,,,,,,,,,,,,,,,,,
518995791497187_1042426432487451,https://www.facebook.com/VisualizationStudio/posts/1042426432487451,"We are in the EIT ICT Labs Master School NEWS!",Link,,,"09/30/2015 04:55:59 AM"," ",918,918,0,1948,1948,0,49,2,9,,1,2,11,,1,42,56,41,6,,,44,12,,,0,0,,,,,795,319,0,0,36,0,0,0,0,0,0,,,,,,,,,,,,,,,,,,,,,,,,,,,,,,,,,,,,,,,,,,0,0,0,0
518995791497187_1041931705870257,https://www.facebook.com/VisualizationStudio/posts/1041931705870257,"Looking good Sweden! ;)",Link,,,"09/29/2015 12:28:48 AM"," ",1353,1353,0,3162,3162,0,62,,14,,4,,14,,4,50,58,43,9,,,48,10,,,0,0,,,,,1466,461,0,0,39,0,0,0,0,0,0,,,,,,,,,,,,,,,,,,,,,,,,,,,,,,,,,,,,,,,,,,0,0,0,0
518995791497187_1041648862565208,https://www.facebook.com/VisualizationStudio/posts/1041652842564810:0,"Visualization Studio VIC - Advanced Graphics and Interaction students at ForskarFredag 2015.",Photo,,,"09/25/2015 06:00:00 AM"," ",213,213,0,373,373,0,47,1,10,,1,1,10,,1,39,96,2,7,36,,2,11,83,,0,0,,,,,64,37,0,0,31,0,,,,,0,,,,,,,,,,,,,,,,,,,,,,,,,,,,,,,,,,,,,,,,,,,,,
518995791497187_1042778842452210,https://www.facebook.com/VisualizationStudio/posts/1042779599118801:0,"ForskarFredag 2015",Photo,,,"09/25/2015 05:27:00 AM"," ",0,0,0,0,0,0,74,,,,,,,,,74,182,,,74,,,,182,,0,0,,,,,0,0,0,0,46,0,,,,,0,,,,,,,,,,,,,,,,,,,,,,,,,,,,,,,,,,,,,,,,,,,,,
518995791497187_1042778685785559,https://www.facebook.com/VisualizationStudio/posts/1042779562452138:0,"ForskarFredag 2015",Photo,,,"09/25/2015 03:21:00 AM"," ",0,0,0,0,0,0,39,,,,,,,,,39,70,,,39,,,,70,,0,0,,,,,0,0,0,0,24,0,,,,,0,,,,,,,,,,,,,,,,,,,,,,,,,,,,,,,,,,,,,,,,,,,,,
518995791497187_1042778509118910,https://www.facebook.com/VisualizationStudio/posts/1042779555785472:0,"ForskarFredag 2015",Photo,,,"09/25/2015 03:06:00 AM"," ",0,0,0,0,0,0,39,,,,,,,,,39,64,,,39,,,,64,,0,0,,,,,0,0,0,0,24,0,,,,,0,,,,,,,,,,,,,,,,,,,,,,,,,,,,,,,,,,,,,,,,,,,,,
518995791497187_1042778495785578,https://www.facebook.com/VisualizationStudio/posts/1042779559118805:0,"ForskarFredag 2015",Photo,,,"09/25/2015 03:03:00 AM"," ",0,0,0,0,0,0,41,,,,,,,,,41,76,,,41,,,,76,,0,0,,,,,0,0,0,0,26,0,,,,,0,,,,,,,,,,,,,,,,,,,,,,,,,,,,,,,,,,,,,,,,,,,,,
518995791497187_1042778839118877,https://www.facebook.com/VisualizationStudio/posts/1042779532452141:0,"ForskarFredag 2015",Photo,,,"09/25/2015 02:37:00 AM"," ",0,0,0,0,0,0,35,,,,,,,,,35,63,,,35,,,,63,,0,0,,,,,0,0,0,0,20,0,,,,,0,,,,,,,,,,,,,,,,,,,,,,,,,,,,,,,,,,,,,,,,,,,,,
518995791497187_1042779265785501,https://www.facebook.com/VisualizationStudio/posts/1042779602452134:0,"ForskarFredag 2015",Photo,,,"09/25/2015 02:31:00 AM"," ",322,322,0,729,729,0,70,,,,,,,,,70,153,3,30,54,,3,47,103,,0,0,,,,,729,322,0,0,56,0,,,,,0,,,,,,,,,,,,,,,,,,,,,,,,,,,,,,,,,,,,,,,,,,,,,
518995791497187_1042778599118901,https://www.facebook.com/VisualizationStudio/posts/1042779565785471:0,"ForskarFredag 2015",Photo,,,"09/25/2015 02:19:00 AM"," ",5,5,0,6,6,0,38,,,,1,,,,1,38,68,,,38,,,,68,,0,0,,,,,3,2,0,0,23,0,,,,,0,,,,,,,,,,,,,,,,,,,,,,,,,,,,,,,,,,,,,,,,,,,,,
518995791497187_1042778429118918,https://www.facebook.com/VisualizationStudio/posts/1042779569118804:0,"ForskarFredag 2015",Photo,,,"09/25/2015 02:16:00 AM"," ",0,0,0,0,0,0,39,,,,,,,,,39,73,,,39,,,,73,,0,0,,,,,0,0,0,0,24,0,,,,,0,,,,,,,,,,,,,,,,,,,,,,,,,,,,,,,,,,,,,,,,,,,,,
518995791497187_1042778432452251,https://www.facebook.com/VisualizationStudio/posts/1042779595785468:0,"ForskarFredag 2015",Photo,,,"09/25/2015 02:15:00 AM"," ",0,0,0,0,0,0,44,,,,,,,,,44,100,,,44,,,,100,,0,0,,,,,0,0,0,0,28,0,,,,,0,,,,,,,,,,,,,,,,,,,,,,,,,,,,,,,,,,,,,,,,,,,,,
518995791497187_1042778485785579,https://www.facebook.com/VisualizationStudio/posts/1042779572452137:0,"ForskarFredag 2015",Photo,,,"09/25/2015 02:14:00 AM"," ",0,0,0,0,0,0,41,,,,,,,,,41,73,,,41,,,,73,,0,0,,,,,0,0,0,0,26,0,,,,,0,,,,,,,,,,,,,,,,,,,,,,,,,,,,,,,,,,,,,,,,,,,,,
518995791497187_1042778849118876,https://www.facebook.com/VisualizationStudio/posts/1042779522452142:0,"ForskarFredag 2015",Photo,,,"09/25/2015 02:07:00 AM"," ",0,0,0,0,0,0,35,,,,,,,,,35,58,,,35,,,,58,,0,0,,,,,0,0,0,0,20,0,,,,,0,,,,,,,,,,,,,,,,,,,,,,,,,,,,,,,,,,,,,,,,,,,,,
518995791497187_1040327256030702,https://www.facebook.com/VisualizationStudio/posts/1040327256030702,"Hundreds of people in the first two hours at ForskarFredag! You still have four hours to join us!",Photo,,,"09/25/2015 02:04:59 AM"," ",188,188,0,442,442,0,13,1,6,,,1,6,,,7,9,,6,1,,,8,1,,0,0,,,,,275,89,0,0,11,0,0,0,0,0,0,,,,,,,,,,,,,,,,,,,,,,,,,,,,,,,,,,,,,,,,,,0,0,0,0
518995791497187_1042778649118896,https://www.facebook.com/VisualizationStudio/posts/1042779582452136:0,"ForskarFredag 2015",Photo,,,"09/25/2015 12:50:00 AM"," ",0,0,0,0,0,0,32,,,,,,,,,32,57,,,32,,,,57,,0,0,,,,,0,0,0,0,24,0,,,,,0,,,,,,,,,,,,,,,,,,,,,,,,,,,,,,,,,,,,,,,,,,,,,
518995791497187_1042778819118879,https://www.facebook.com/VisualizationStudio/posts/1042779535785474:0,"ForskarFredag 2015",Photo,,,"09/24/2015 11:55:00 PM"," ",0,0,0,0,0,0,24,,,,,,,,,24,48,,,24,,,,48,,0,0,,,,,0,0,0,0,16,0,,,,,0,,,,,,,,,,,,,,,,,,,,,,,,,,,,,,,,,,,,,,,,,,,,,
518995791497187_1042778652452229,https://www.facebook.com/VisualizationStudio/posts/1042779579118803:0,"ForskarFredag 2015",Photo,,,"09/24/2015 11:52:00 PM"," ",0,0,0,0,0,0,34,,,,,,,,,34,55,,,34,,,,55,,0,0,,,,,0,0,0,0,24,0,,,,,0,,,,,,,,,,,,,,,,,,,,,,,,,,,,,,,,,,,,,,,,,,,,,
518995791497187_1042778765785551,https://www.facebook.com/VisualizationStudio/posts/1042779545785473:0,"ForskarFredag 2015",Photo,,,"09/24/2015 11:51:00 PM"," ",0,0,0,0,0,0,24,,,,,,,,,24,41,,,24,,,,41,,0,0,,,,,0,0,0,0,16,0,,,,,0,,,,,,,,,,,,,,,,,,,,,,,,,,,,,,,,,,,,,,,,,,,,,
518995791497187_1042778522452242,https://www.facebook.com/VisualizationStudio/posts/1042779552452139:0,"ForskarFredag 2015",Photo,,,"09/24/2015 11:50:00 PM"," ",0,0,0,0,0,0,29,,,,,,,,,29,48,,,29,,,,48,,0,0,,,,,0,0,0,0,20,0,,,,,0,,,,,,,,,,,,,,,,,,,,,,,,,,,,,,,,,,,,,,,,,,,,,
518995791497187_1042778735785554,https://www.facebook.com/VisualizationStudio/posts/1042779549118806:0,"ForskarFredag 2015",Photo,,,"09/24/2015 11:48:00 PM"," ",0,0,0,0,0,0,26,,,,,,,,,26,44,,,26,,,,44,,0,0,,,,,0,0,0,0,18,0,,,,,0,,,,,,,,,,,,,,,,,,,,,,,,,,,,,,,,,,,,,,,,,,,,,
518995791497187_1042778775785550,https://www.facebook.com/VisualizationStudio/posts/1042779539118807:0,"ForskarFredag 2015",Photo,,,"09/24/2015 11:47:00 PM"," ",0,0,0,0,0,0,23,,,,,,,,,23,39,,,23,,,,39,,0,0,,,,,0,0,0,0,16,0,,,,,0,,,,,,,,,,,,,,,,,,,,,,,,,,,,,,,,,,,,,,,,,,,,,
518995791497187_1042778402452254,http://www.facebook.com/media/set/?set=ms.c.eJwzNDAxMje3MDOwNDS0sDQw0DOEClgamZgaGRmZAgBxkwaw.bps.a.1042778402452254.1073741876.518995791497187&amp;type=1,"The advanced graphics and interaction 2015 students presented six wonderful works-in-progress at ForskarFredag 2015. For more information, please visit: https://www.kth.se/social/course/DH2413/page/forskarfredag-2015/",Photo,,,"09/24/2015 11:45:00 PM"," ",726,726,0,1915,1915,0,118,1,21,,3,1,38,,3,104,1753,3,46,97,,3,72,1678,,0,0,,,,,1260,389,0,0,76,0,,,,,0,,,,,,,,,,,,,,,,,,,,,,,,,,,,,,,,,,,,,,,,,,,,,
518995791497187_1042778435785584,https://www.facebook.com/VisualizationStudio/posts/1042779589118802:0,"ForskarFredag 2015",Photo,,,"09/24/2015 11:44:00 PM"," ",24,24,0,37,37,0,39,,2,,,,2,,,38,99,,1,37,,,8,91,,0,0,,,,,1,1,0,0,27,0,,,,,0,,,,,,,,,,,,,,,,,,,,,,,,,,,,,,,,,,,,,,,,,,,,,
518995791497187_1042778892452205,https://www.facebook.com/VisualizationStudio/posts/1042779605785467:0,"ForskarFredag 2015",Photo,,,"09/24/2015 11:36:00 PM"," ",0,0,0,0,0,0,23,,,,,,,,,23,38,,,23,,,,38,,0,0,,,,,0,0,0,0,17,0,,,,,0,,,,,,,,,,,,,,,,,,,,,,,,,,,,,,,,,,,,,,,,,,,,,
518995791497187_1042778585785569,https://www.facebook.com/VisualizationStudio/posts/1042779575785470:0,"ForskarFredag 2015",Photo,,,"09/24/2015 10:51:00 PM"," ",0,0,0,0,0,0,30,,,,,,,,,30,52,,,30,,,,52,,0,0,,,,,0,0,0,0,22,0,,,,,0,,,,,,,,,,,,,,,,,,,,,,,,,,,,,,,,,,,,,,,,,,,,,
518995791497187_1040039556059472,https://www.facebook.com/VisualizationStudio/videos/1040039556059472/,"We are *so* ready to wow you! Join us at ForskarFredag!",Video,,,"09/24/2015 10:40:09 AM"," ",492,492,0,1096,1096,0,42,1,14,,2,1,15,,3,32,42,,24,,13,,28,,14,0,0,,,,,591,206,0,0,27,29922,53,36,0,0,64953,0.9653,1,0.9505,0.7624,0.6436,0.5792,0.5297,0.4802,0.4703,0.4505,0.4208,0.401,0.3713,0.3713,0.3663,0.3515,0.3267,0.3267,0.3168,0.3168,0.3119,0.3069,0.297,0.2822,0.2723,0.2574,0.2723,0.2822,0.2871,0.2871,0.2772,0.2723,0.2673,0.2624,0.2624,0.2624,0.2723,0.2723,0.2624,0.2624,0.2624,210,150,0,0
518995791497187_1042778885785539,https://www.facebook.com/VisualizationStudio/posts/1042779592452135:0,"ForskarFredag 2015",Photo,,,"09/24/2015 10:29:00 AM"," ",3,3,0,3,3,0,30,,,,,,,,,30,69,,,30,,,,69,,0,0,,,,,3,3,0,0,23,0,,,,,0,,,,,,,,,,,,,,,,,,,,,,,,,,,,,,,,,,,,,,,,,,,,,
518995791497187_1039870799409681,https://www.facebook.com/VisualizationStudio/posts/1039870799409681:0,"The economist Nils-Göran Olve discusses business models and large IT-investments.",Photo,,,"09/24/2015 07:00:57 AM"," ",173,173,0,361,361,0,21,,,,,,,,,21,43,,5,21,,,5,38,,0,0,,,,,313,131,0,0,15,0,,,,,0,,,,,,,,,,,,,,,,,,,,,,,,,,,,,,,,,,,,,,,,,,,,,
518995791497187_1039923542737740,https://www.facebook.com/VisualizationStudio/posts/1039923542737740,"VR motion pictures anyone?",SharedVideo,,,"09/24/2015 04:36:55 AM"," ",366,366,0,786,786,0,34,,6,,,,6,,,32,45,,32,,,,45,,,0,0,,,,,613,239,0,0,30,31677,30,29,0,0,56033,0.8889,1,1,0.9316,0.8462,0.8205,0.7692,0.6923,0.6752,0.6325,0.6154,0.5897,0.5726,0.547,0.4957,0.4701,0.4444,0.4444,0.4274,0.3932,0.3932,0.3932,0.3675,0.3675,0.3675,0.359,0.359,0.3675,0.359,0.3419,0.3419,0.3333,0.3333,0.3248,0.3248,0.2991,0.2821,0.2821,0.2564,0.2564,0.2393,117,96,0,0
518995791497187_1039867802743314,https://www.facebook.com/VisualizationStudio/videos/1039867802743314/,"An AR preview of what you will see tomorrow at ForskarFredag in Debaser Medborgarplatsen!
For more information, please visit: https://www.kth.se/social/course/DH2413/page/forskarfredag-2015/",Video,,,"09/24/2015 12:45:52 AM"," ",1064,1064,0,2223,2223,0,94,1,35,,3,2,44,,5,71,98,3,33,2,42,4,40,4,50,0,0,,,,,358,127,0,0,28,20358,265,237,0,0,32293,0.9309,0.9949,1,0.9898,0.9233,0.8517,0.7775,0.7174,0.6611,0.6164,0.5908,0.5857,0.5652,0.5473,0.5358,0.5179,0.5026,0.4859,0.4668,0.4527,0.4361,0.4309,0.4194,0.4169,0.4118,0.399,0.3849,0.3798,0.3708,0.3645,0.3581,0.3568,0.3529,0.3465,0.3402,0.3286,0.3171,,,,,797,647,0,0
518995791497187_1039209286142499,https://www.facebook.com/VisualizationStudio/posts/1039209286142499,"Today we had the pleasure to welcome four technology journalists as part of the programme for Association of Space Explorer's congress at KTH, ASE15 http://www.ase2015.se/.

We encourage you to follow them via twitter (or the social media of your choice).

Rob Drysdale @projmgr                                    
Karen Lopez    @datachick     
Joachim Baptist @justbe74
Alexandra von Eckartsberg @starlingLX",Link,,,"09/22/2015 09:18:16 AM"," ",267,267,0,643,643,0,10,,2,,,,2,,,8,12,2,8,,,2,10,,,0,0,,,,,583,219,0,0,9,0,0,0,0,0,0,,,,,,,,,,,,,,,,,,,,,,,,,,,,,,,,,,,,,,,,,,0,0,0,0
518995791497187_1039157032814391,https://www.facebook.com/VisualizationStudio/posts/1039157032814391,"More photos from the C Awards. Thank you for hosting and sharing!",Photo,,,"09/22/2015 06:58:56 AM"," ",224,224,0,558,558,0,10,,2,,,,2,,,8,10,,8,,,,10,,,1,1,1,,1,,482,167,0,0,9,0,0,0,0,0,0,,,,,,,,,,,,,,,,,,,,,,,,,,,,,,,,,,,,,,,,,,0,0,0,0
518995791497187_1038986316164796,https://www.facebook.com/VisualizationStudio/posts/1038986316164796:0,"Why are there 100 astronauts at KTH Royal Institute of Technology?
https://www.kth.se/en/forskning/artiklar/why-100-astronauts-are-coming-to-kth-1.591998",Photo,,,"09/21/2015 11:56:09 PM"," ",2325,2325,0,4175,4175,0,205,1,59,,2,1,59,,2,169,330,42,86,120,,44,134,152,,0,0,,,,,1129,445,0,0,97,0,,,,,0,,,,,,,,,,,,,,,,,,,,,,,,,,,,,,,,,,,,,,,,,,,,,
518995791497187_1038444406218987,https://www.facebook.com/VisualizationStudio/posts/1038444406218987,"A few photos from ForskarFredag 2014. Join us this Friday at Debaser Medborgarplatsen 3rd floor stage and help shape the future of advanced graphics and interaction 2015!",Photo,,,"09/21/2015 12:14:49 AM"," ",95,95,0,273,273,0,4,,1,,,,1,,,3,3,,1,2,,,1,2,,0,0,,,,,236,64,0,0,3,0,0,0,0,0,0,,,,,,,,,,,,,,,,,,,,,,,,,,,,,,,,,,,,,,,,,,0,0,0,0
518995791497187_566167160198384,https://www.facebook.com/events/566167160198384/,"ForskarFredag 2015",Status,,,"09/19/2015 02:44:00 AM"," ",162,162,0,407,407,0,35,1,26,2,,1,29,7,,9,10,,9,,,,10,,,0,0,,,,,367,130,0,0,19,0,,,,,0,,,,,,,,,,,,,,,,,,,,,,,,,,,,,,,,,,,,,,,,,,,,,
518995791497187_1037010106362417,https://www.facebook.com/VisualizationStudio/posts/1037010216362406,"Visualization Studio VIC's cover photo",Photo,,,"09/18/2015 01:49:58 AM"," ",17,17,0,23,23,0,32,,5,,,,5,,,27,83,,,27,,,,83,,0,0,,,,,0,0,0,0,18,0,,,,,0,,,,,,,,,,,,,,,,,,,,,,,,,,,,,,,,,,,,,,,,,,,,,
518995791497187_1037009073029187,https://www.facebook.com/VisualizationStudio/posts/1037009073029187,"Visualization Studio VIC shared C Awards's photo.",Photo,,,"09/18/2015 01:45:16 AM"," ",294,294,0,657,657,0,35,1,2,,,1,2,,,33,57,1,28,6,,1,50,6,,1,1,1,,1,,564,226,0,0,34,0,0,0,0,0,0,,,,,,,,,,,,,,,,,,,,,,,,,,,,,,,,,,,,,,,,,,0,0,0,0
518995791497187_1036988336364594,https://www.facebook.com/VisualizationStudio/posts/1036988336364594,"Mario accepted best business opportunity and people's choice C Awards on behalf of Course Voyager and Tidebanan, respectively. Please, join us in congratulating them and Tweemojiworld, Skylike, and Speakasso! They went above and beyond academic requirements.",Photo,,,"09/18/2015 12:31:33 AM"," ",1412,1412,0,2888,2888,0,108,6,73,,4,6,78,,5,51,82,,48,9,,,73,9,,0,0,,,,,984,356,0,0,57,0,,,,,0,,,,,,,,,,,,,,,,,,,,,,,,,,,,,,,,,,,,,,,,,,,,,
518995791497187_1036812963048798,https://www.facebook.com/VisualizationStudio/posts/1036812963048798:0,"Final Result: three C Awards for Visualization Studio VIC! Best Public Magnet for Speakasso; Best business opportunity for Course Voyager; Popular Vote for Tidebanan. Please, join me in congratulating our students! They worked really, really hard. For more information, please visit: https://www.kth.se/social/course/DH2321/page/c-awards/",Photo,,,"09/17/2015 02:31:12 PM"," ",2855,2855,0,5843,5843,0,157,2,66,,7,3,89,,16,114,212,4,65,62,,4,117,91,,1,1,1,,1,,1004,362,0,0,67,0,,,,,0,,,,,,,,,,,,,,,,,,,,,,,,,,,,,,,,,,,,,,,,,,,,,
518995791497187_1036784466384981,https://www.facebook.com/VisualizationStudio/videos/1036784466384981/,"Best Public Magnet at C Awards 2015: Speakasso!",Video,,,"09/17/2015 12:40:04 PM"," ",1182,1182,0,2675,2675,0,151,8,69,,2,8,79,,4,116,187,1,104,,31,1,152,,34,0,0,,,,,881,347,0,0,54,24771,115,111,0,0,70618,0.9275,1,0.9219,0.7695,0.6803,0.5558,0.4888,0.4368,0.3959,0.3625,0.3216,0.3141,0.2825,0.2528,0.2361,0.2305,0.2175,0.2119,0.2045,0.2063,0.1952,0.1989,0.1859,0.1822,0.1933,0.1933,0.2063,0.1952,0.2045,0.2045,0.21,0.2175,0.2212,0.2249,0.223,0.2212,0.2156,0.2156,0.2138,0.2119,0.2082,552,457,0,0
518995791497187_1036753626388065,https://www.facebook.com/VisualizationStudio/posts/1036753626388065,"Skylike at the C Awards!",Photo,,,"09/17/2015 10:49:40 AM"," ",212,212,0,452,452,0,25,,4,,,,4,,,22,27,,16,6,,,21,6,,0,0,,,,,382,163,0,0,24,0,,,,,0,,,,,,,,,,,,,,,,,,,,,,,,,,,,,,,,,,,,,,,,,,,,,
518995791497187_1036703283059766,https://www.facebook.com/VisualizationStudio/posts/1036703283059766:0,"We have arrived at the C Awards!",Photo,,,"09/17/2015 09:30:07 AM"," ",144,144,0,345,345,0,17,,,,,,,,,17,29,,5,16,,,7,22,,0,0,,,,,298,109,0,0,14,0,,,,,0,,,,,,,,,,,,,,,,,,,,,,,,,,,,,,,,,,,,,,,,,,,,,
518995791497187_1036701756393252,https://www.facebook.com/VisualizationStudio/posts/1036701756393252,"We have arrived at the C Awards!",Photo,,,"09/17/2015 09:24:27 AM"," ",429,429,0,986,986,0,66,,19,,1,,22,,3,52,86,,42,12,,,74,12,,0,0,,,,,531,205,0,0,46,0,,,,,0,,,,,,,,,,,,,,,,,,,,,,,,,,,,,,,,,,,,,,,,,,,,,
518995791497187_1036471319749629,https://www.facebook.com/VisualizationStudio/posts/1036471319749629,"Today we remember our friend and excellent researcher Tim Campbell (May 15, 1989 - September 15, 2015). Tim pioneered work in wearable and haptic interfaces. http://timbcampbell.com/",Link,,,"09/17/2015 12:40:48 AM"," ",429,429,0,1024,1024,0,49,1,,,,1,,,,48,63,42,12,,,46,17,,,0,0,,,,,984,402,0,0,48,0,0,0,0,0,0,,,,,,,,,,,,,,,,,,,,,,,,,,,,,,,,,,,,,,,,,,0,0,0,0
518995791497187_1036041153125979,https://www.facebook.com/VisualizationStudio/posts/1036041153125979,"Imagine spending about 15% of your resting metabolism just on vision! Research from Lund University measuring the energy cost of seeing shows that it is not cheap.",Link,,,"09/16/2015 03:18:48 AM"," ",155,155,0,374,374,0,3,,,,,,,,,3,3,2,1,,,2,1,,,0,0,,,,,339,132,0,0,3,0,0,0,0,0,0,,,,,,,,,,,,,,,,,,,,,,,,,,,,,,,,,,,,,,,,,,0,0,0,0
518995791497187_1035671006496327,https://www.facebook.com/VisualizationStudio/posts/1035671006496327,"For the first time ever, KTH Royal Institute of Technology has been ranked among the elite list of the world's top 100 universities (QS World University Rankings 2015).",Link,,,"09/15/2015 07:44:13 AM"," ",794,794,0,1508,1508,0,75,,21,,,,21,,,59,65,41,21,,,43,22,,,0,0,,,,,954,423,0,0,59,0,0,0,0,0,0,,,,,,,,,,,,,,,,,,,,,,,,,,,,,,,,,,,,,,,,,,0,0,0,0
518995791497187_1033136343416460,https://www.facebook.com/VisualizationStudio/videos/1033136343416460/,"This is the new version of our studio spin off Flying Colors 3D. WE ARE SO PROUD! Try it out for free at http://itunes.apple.com/app/id943250282.",Video,,,"09/11/2015 02:12:55 AM"," ",1661,1661,0,3374,3374,0,170,5,65,,12,5,92,,32,119,169,13,55,1,74,14,71,2,82,0,0,,,,,710,209,0,0,46,29740,181,168,0,0,72200,0.9364,1,0.8901,0.729,0.6557,0.6085,0.5757,0.5178,0.46,0.4436,0.4185,0.4069,0.379,0.3684,0.3684,0.3626,0.3529,0.3433,0.3259,0.3086,0.3076,0.3038,0.2989,0.2922,0.2864,0.2816,0.271,0.2671,0.2584,0.244,0.2363,0.2247,0.217,0.2141,0.2102,0.2073,0.1986,0.189,0.1736,0.161,0.1485,1066,809,0,0
518995791497187_1033114650085296,https://www.facebook.com/VisualizationStudio/posts/1033114650085296,"The new Flying Colors 3D!",Link,,,"09/11/2015 12:37:39 AM"," ",385,385,0,878,878,0,25,,6,,,,6,,,22,28,11,13,,,12,16,,,0,0,,,,,772,314,0,0,24,0,0,0,0,0,0,,,,,,,,,,,,,,,,,,,,,,,,,,,,,,,,,,,,,,,,,,0,0,0,0
518995791497187_1033112860085475,https://www.facebook.com/VisualizationStudio/posts/1033112860085475,Masterful!,Link,,,"09/11/2015 12:25:35 AM"," ",699,699,0,1568,1568,0,39,,12,,1,,12,,1,36,42,10,27,,,10,32,,,0,0,,,,,758,298,0,0,29,0,0,0,0,0,0,,,,,,,,,,,,,,,,,,,,,,,,,,,,,,,,,,,,,,,,,,0,0,0,0
518995791497187_1032609096802518,https://www.facebook.com/VisualizationStudio/posts/1032609096802518,"So, so relevant!",Link,,,"09/10/2015 12:10:04 AM"," ",800,800,0,1643,1643,0,42,4,16,,1,6,17,,2,30,42,21,13,,,23,19,,,0,0,,,,,623,263,0,0,25,0,0,0,0,0,0,,,,,,,,,,,,,,,,,,,,,,,,,,,,,,,,,,,,,,,,,,0,0,0,0
518995791497187_1032610323469062,https://www.facebook.com/VisualizationStudio/posts/1032610930135668:0,"10Th Annual Fireworks Concert at KTH Royal Institute of Technology.",Photo,,,"09/09/2015 12:00:00 PM"," ",31,31,0,52,52,0,26,,6,,,,6,,,21,49,,1,20,,,1,48,,0,0,,,,,0,0,0,0,16,0,,,,,0,,,,,,,,,,,,,,,,,,,,,,,,,,,,,,,,,,,,,,,,,,,,,
518995791497187_1032050000191761,http://www.facebook.com/media/set/?set=ms.c.eJw9zMkNADAIA7CNqgRIofsvVqkHXz9MuEGgZqmCNvhgukzIaihwMcMb8kJ8sDgHfAPCyRCp.bps.a.1032050000191761.1073741875.518995791497187&amp;type=1,"We have begun our advanced graphics and interaction race of 2015 with very ambitious proposals!",Photo,,,"09/09/2015 12:34:00 AM"," ",730,730,0,1611,1611,0,105,,10,,1,,11,,1,98,628,,58,82,,,102,526,,0,0,,,,,892,317,0,0,62,0,,,,,0,,,,,,,,,,,,,,,,,,,,,,,,,,,,,,,,,,,,,,,,,,,,,
518995791497187_1031505990246162,https://www.facebook.com/VisualizationStudio/posts/1031505990246162,"We have eight nominations to the C Awards! Please join us in congratulating our students and don't forget to vote: http://www.cawards.se/rosta/
Best Business Opportunities: Tweemojiworld, Course Voyager
Best Interaction: Skylike
Creative Technical Application: Skylike, Speakasso
Next Public Magnet: Skylike, Speakasso
Technical Excellence: Speakasso",Link,,,"09/08/2015 04:29:00 AM"," ",117,117,0,301,301,0,16,,7,,1,,8,,1,12,14,,12,,,,14,,,0,0,,,,,244,73,0,0,15,0,0,0,0,0,0,,,,,,,,,,,,,,,,,,,,,,,,,,,,,,,,,,,,,,,,,,0,0,0,0
518995791497187_1031436793586415,https://www.facebook.com/VisualizationStudio/posts/1031436793586415:0,"Last Friday our student project Tidebanan opened as a permanent exhibit at Stockholm's Transport Museum, Spårvägsmuseet. Congratulations!
http://sparvagsmuseet.sl.se/article/tidebanan-en-interaktiv-utstallning-om-tunnelbanan-2/",Photo,,,"09/08/2015 12:39:44 AM"," ",964,964,0,2045,2045,0,80,2,27,,3,2,29,,3,59,112,7,33,38,,8,48,56,,0,0,,,,,713,283,0,0,35,0,,,,,0,,,,,,,,,,,,,,,,,,,,,,,,,,,,,,,,,,,,,,,,,,,,,
518995791497187_1030854306977997,https://www.facebook.com/VisualizationStudio/posts/1030854306977997,"Stephen Hawking gives farewell to KTH at our old reactor hall with several of our top researchers and achievers.",Photo,,,"09/07/2015 12:48:24 AM"," ",932,932,0,1672,1672,0,90,,12,,,,12,,,81,117,,64,19,,,98,19,,0,0,,,,,988,435,0,0,63,0,0,0,0,0,0,,,,,,,,,,,,,,,,,,,,,,,,,,,,,,,,,,,,,,,,,,0,0,0,0
518995791497187_1029916220405139,https://www.facebook.com/VisualizationStudio/posts/1029916220405139,"We just activated a fantastic combo: two museum exhibits and a very successful master thesis defense by our student Xiaopeng Li.",Photo,,,"09/05/2015 12:34:15 AM"," ",194,194,0,413,413,0,17,,4,,,,4,,,14,19,,14,2,,,17,2,,0,0,,,,,300,116,0,0,14,0,0,0,0,0,0,,,,,,,,,,,,,,,,,,,,,,,,,,,,,,,,,,,,,,,,,,0,0,0,0
518995791497187_1029700363760058,https://www.facebook.com/VisualizationStudio/posts/1029700363760058,"Proud of our students again in the opening of our second museum experience this week!",Photo,,,"09/04/2015 11:55:51 AM"," ",198,198,0,377,377,0,13,,3,,,,3,,,10,24,,10,3,,,21,3,,0,0,,,,,297,135,0,0,11,0,0,0,0,0,0,,,,,,,,,,,,,,,,,,,,,,,,,,,,,,,,,,,,,,,,,,0,0,0,0
518995791497187_1029472883782806,https://www.facebook.com/VisualizationStudio/posts/1029472883782806,"We're on TV!",Link,,,"09/04/2015 01:16:04 AM"," ",1044,1044,0,1920,1920,0,43,,27,,2,,32,,2,24,28,19,6,,,19,9,,,0,0,,,,,779,371,0,0,26,0,0,0,0,0,0,,,,,,,,,,,,,,,,,,,,,,,,,,,,,,,,,,,,,,,,,,0,0,0,0
518995791497187_1029300527133375,https://www.facebook.com/VisualizationStudio/posts/1029300527133375,"Forma i Luften at Tekniska museet! People can sculpt a volume of air and see, hear, and feel what they are doing. It is accessible to people with mobility, hearing, and seeing impairments and it is sized for children. If you stop by Stockholm's Tekniska Museet, please visit!",Photo,,,"09/03/2015 02:21:04 PM"," ",579,579,0,1147,1147,0,59,,30,,3,,34,,4,34,42,,24,12,,,30,12,,0,0,,,,,640,284,0,0,38,0,,,,,0,,,,,,,,,,,,,,,,,,,,,,,,,,,,,,,,,,,,,,,,,,,,,
518995791497187_1029073713822723,https://www.facebook.com/VisualizationStudio/posts/1029073713822723,"We're on the front page of KTH CSC's Numera newsletter! Yay!!!",Link,,,"09/03/2015 04:28:34 AM"," ",185,185,0,417,417,0,10,,4,,,,4,,,7,10,6,1,,,6,4,,,0,0,,,,,341,132,0,0,9,0,0,0,0,0,0,,,,,,,,,,,,,,,,,,,,,,,,,,,,,,,,,,,,,,,,,,0,0,0,0
518995791497187_1030866236976804,https://www.facebook.com/VisualizationStudio/posts/1030866533643441:0,"We created the permanent museum exhibit Forma i luften, shaping the air, at the Museum of Science and Technology of Stockholm. People can sculpt a volume of air and see, hear, and feel what they are doing. It is accessible to people with mobility, hearing, and seeing impairments and it is sized for children. If you stop by Stockholm's Tekniska museet, please visit!",Photo,,,"09/03/2015 03:00:00 AM"," ",12,12,0,16,16,0,17,,2,,,,2,,,16,35,,1,15,,,1,34,,0,0,,,,,2,1,0,0,10,0,,,,,0,,,,,,,,,,,,,,,,,,,,,,,,,,,,,,,,,,,,,,,,,,,,,
518995791497187_1026068170789944,https://www.facebook.com/VisualizationStudio/posts/1026068170789944,"This week we are featuring our student projects competing at the C Awards. Fifth up and final project: Tweemojiworld. Send your votes to your favorite project at the link below!

http://www.cawards.se/rosta/",Link,,,"08/28/2015 12:13:33 AM"," ",636,636,0,1327,1327,0,19,,8,,,,8,,,14,19,7,9,,,7,12,,,0,0,,,,,746,277,0,0,15,0,0,0,0,0,0,,,,,,,,,,,,,,,,,,,,,,,,,,,,,,,,,,,,,,,,,,0,0,0,0
518995791497187_1025468077516620,https://www.facebook.com/VisualizationStudio/posts/1025468077516620,"This week we are featuring our student projects competing at the C Awards. Fourth up: Tidebanan. Send your votes to your favorite project at the link below!

http://www.cawards.se/rosta/",Link,,,"08/27/2015 12:29:32 AM"," ",1347,1347,0,3236,3236,0,77,2,13,,3,2,13,,3,70,85,20,54,,,22,63,,,0,0,,,,,947,359,0,0,29,0,0,0,0,0,0,,,,,,,,,,,,,,,,,,,,,,,,,,,,,,,,,,,,,,,,,,0,0,0,0
518995791497187_1025094997553928,https://www.facebook.com/VisualizationStudio/posts/1025094997553928,"Professor Makoto Tsubokura, PhD, from Kobe University and RIKEN/AICS will be giving a talk at 10:00-11:00 on August 31 in the Visualization Studio. This talk is open to visitors and concerns simulating vehicle aerodynamics on the K supercomputer!

View a video related to the talk here:
https://www.youtube.com/watch?v=HsUp0V_HqEY",Link,,,"08/26/2015 06:26:09 AM"," ",136,136,0,343,343,0,4,,3,,,,3,,,1,1,,1,,,,1,,,0,0,,,,,266,77,0,0,3,0,0,0,0,0,0,,,,,,,,,,,,,,,,,,,,,,,,,,,,,,,,,,,,,,,,,,0,0,0,0
518995791497187_1025008174229277,https://www.facebook.com/VisualizationStudio/posts/1025008174229277,"This week we are featuring our student projects competing at the C Awards. Third up: Speakasso. Send your votes to your favorite project at the link below!

http://www.cawards.se/rosta/",Link,,,"08/26/2015 01:41:51 AM"," ",753,753,0,1642,1642,0,27,,8,,,,8,,,20,26,9,15,,,9,17,,,0,0,,,,,941,333,0,0,22,0,0,0,0,0,0,,,,,,,,,,,,,,,,,,,,,,,,,,,,,,,,,,,,,,,,,,0,0,0,0
518995791497187_1024479390948822,https://www.facebook.com/VisualizationStudio/posts/1024479390948822,"We are so proud to announce that our work will become a permanent exhibit at Tekniska museet by the name Forma i Luften as part of the new exhibit Mega Mind! https://www.youtube.com/watch?v=Z3fRVxdqrsY",Link,,,"08/25/2015 05:59:49 AM"," ",2921,2921,0,6571,6571,0,131,1,80,,4,1,97,,5,67,81,35,34,,,37,44,,,0,0,,,,,1228,367,0,0,53,0,0,0,0,0,0,,,,,,,,,,,,,,,,,,,,,,,,,,,,,,,,,,,,,,,,,,0,0,0,0
518995791497187_1024391317624296,https://www.facebook.com/VisualizationStudio/posts/1024391317624296,"This week we are featuring our student projects competing at the C Awards. Send your votes to your favorite project! Second up: Skylike.",Link,,,"08/25/2015 12:59:33 AM"," ",825,825,0,1755,1755,0,37,,13,,3,,15,,3,30,36,8,24,,,8,28,,,1,1,,1,,1,951,361,0,0,33,0,0,0,0,0,0,,,,,,,,,,,,,,,,,,,,,,,,,,,,,,,,,,,,,,,,,,0,0,0,0
518995791497187_1024081050988656,https://www.facebook.com/VisualizationStudio/posts/1024081050988656,"Stephen Hawking presenting quantum black holes at KTH Royal Institute of Technology at this very moment!",Photo,,,"08/24/2015 10:09:39 AM"," ",546,546,0,1031,1031,0,84,,19,,,,19,,,68,104,2,63,9,,2,92,10,,0,0,,,,,723,307,0,0,76,0,0,0,0,0,0,,,,,,,,,,,,,,,,,,,,,,,,,,,,,,,,,,,,,,,,,,0,0,0,0
518995791497187_1023788867684541,https://www.facebook.com/VisualizationStudio/posts/1023788867684541,"This week we will feature our student projects competing at the C Awards in order of appearance at the competition website. Send your votes to your favorite project! First up: Course Voyager.",Link,,,"08/24/2015 12:42:54 AM"," ",776,776,0,1523,1523,0,27,,8,,2,,9,,3,21,35,8,14,,,8,27,,,0,0,,,,,794,316,0,0,21,0,0,0,0,0,0,,,,,,,,,,,,,,,,,,,,,,,,,,,,,,,,,,,,,,,,,,0,0,0,0
518995791497187_1022254364504658,https://www.facebook.com/VisualizationStudio/posts/1022254364504658,"We are so proud to announce that our students have taken their subway history visualization project to &quot;museum strength&quot; level and will be exhibiting at Stockholm's Transportation Museum, Spårvägsmuseet. Here is the invitation to the vernissage. Please, join us!",Link,,,"08/21/2015 05:14:13 AM"," ",203,203,0,408,408,0,13,,7,,,,7,,,6,6,,6,,,,6,,,0,0,,,,,248,93,0,0,9,0,0,0,0,0,0,,,,,,,,,,,,,,,,,,,,,,,,,,,,,,,,,,,,,,,,,,0,0,0,0
518995791497187_1021259777937450,https://www.facebook.com/VisualizationStudio/posts/1021259777937450,"Please, support our students by voting for your favorite project at the C Awards. Thanks!",Link,,,"08/19/2015 03:51:26 AM"," ",228,228,0,510,510,0,11,,2,,,,2,,,10,12,7,3,,,8,4,,,0,0,,,,,454,181,0,0,11,0,0,0,0,0,0,,,,,,,,,,,,,,,,,,,,,,,,,,,,,,,,,,,,,,,,,,0,0,0,0
518995791497187_1099456433451117,https://www.facebook.com/VisualizationStudio/posts/1099456433451117,"Visualization Studio VIC was mentioned in a post.",,,,"01/26/2016 08:11:42 AM"," ",,0,,,0,,,,,,,,,,,,,,,,,,,,,,,,,,,,,,,,0,,,,,0,,,,,,,,,,,,,,,,,,,,,,,,,,,,,,,,,,,,,,,,,,,,,
